name,datetime,tempmax,tempmin,temp,humidity,precip,sunrise,sunset,icon,raintoday,raintomorrow
"Raipur,India",01-05-2020,40.6,25.9,32.9,40.8,0,2020-05-01T05:32:39,2020-05-01T18:28:43,clear-day,no,no
"Raipur,India",02-05-2020,41.8,27.1,33.9,36.5,0,2020-05-02T05:32:01,2020-05-02T18:29:07,clear-day,no,no
"Raipur,India",03-05-2020,41.6,24.5,33.7,39.2,0,2020-05-03T05:31:25,2020-05-03T18:29:31,clear-day,no,no
"Raipur,India",04-05-2020,40.4,26.3,32.8,43.2,0,2020-05-04T05:30:49,2020-05-04T18:29:55,clear-day,no,yes
"Raipur,India",05-05-2020,41.3,25.7,32.8,42,0.4,2020-05-05T05:30:15,2020-05-05T18:30:19,rain,yes,yes
"Raipur,India",06-05-2020,39.1,22.2,31.2,51.2,15,2020-05-06T05:29:41,2020-05-06T18:30:44,rain,yes,yes
"Raipur,India",07-05-2020,39.4,20.9,29.5,59.2,19,2020-05-07T05:29:09,2020-05-07T18:31:09,rain,yes,yes
"Raipur,India",08-05-2020,38,20.7,29,65.2,25,2020-05-08T05:28:37,2020-05-08T18:31:33,rain,yes,yes
"Raipur,India",09-05-2020,37.8,23,30,61,21.8,2020-05-09T05:28:06,2020-05-09T18:31:58,rain,yes,no
"Raipur,India",10-05-2020,38.4,24.8,30.2,53.7,0,2020-05-10T05:27:36,2020-05-10T18:32:24,partly-cloudy-day,no,no
"Raipur,India",11-05-2020,38.1,24.4,31.2,49.2,0,2020-05-11T05:27:08,2020-05-11T18:32:49,clear-day,no,no
"Raipur,India",12-05-2020,38.5,25.7,31.8,46.6,0,2020-05-12T05:26:40,2020-05-12T18:33:14,clear-day,no,no
"Raipur,India",13-05-2020,38.5,25.3,31.8,49.3,0,2020-05-13T05:26:13,2020-05-13T18:33:40,partly-cloudy-day,no,no
"Raipur,India",14-05-2020,39.8,27.1,33.5,45.7,0,2020-05-14T05:25:47,2020-05-14T18:34:05,partly-cloudy-day,no,no
"Raipur,India",15-05-2020,40.4,28.1,33.4,46.9,0,2020-05-15T05:25:23,2020-05-15T18:34:31,partly-cloudy-day,no,yes
"Raipur,India",16-05-2020,38,26.2,32.4,52.3,3.5,2020-05-16T05:24:59,2020-05-16T18:34:57,rain,yes,yes
"Raipur,India",17-05-2020,38,26.1,32.1,53.7,6.5,2020-05-17T05:24:37,2020-05-17T18:35:23,rain,yes,yes
"Raipur,India",18-05-2020,40.2,27.1,31.3,52.7,4,2020-05-18T05:24:15,2020-05-18T18:35:49,rain,yes,yes
"Raipur,India",19-05-2020,38,25.1,31.4,49.8,1.3,2020-05-19T05:23:55,2020-05-19T18:36:15,rain,yes,no
"Raipur,India",20-05-2020,39.1,23.5,31.8,38.9,0,2020-05-20T05:23:35,2020-05-20T18:36:40,partly-cloudy-day,no,no
"Raipur,India",21-05-2020,40.1,22.7,32.4,35.7,0,2020-05-21T05:23:17,2020-05-21T18:37:06,partly-cloudy-day,no,no
"Raipur,India",22-05-2020,44.1,25.5,34,28.4,0,2020-05-22T05:23:00,2020-05-22T18:37:32,partly-cloudy-day,no,no
"Raipur,India",23-05-2020,44.1,26.9,34.9,29.5,0,2020-05-23T05:22:44,2020-05-23T18:37:58,clear-day,no,no
"Raipur,India",24-05-2020,44.3,27.7,36.1,29.9,0,2020-05-24T05:22:29,2020-05-24T18:38:24,partly-cloudy-day,no,no
"Raipur,India",25-05-2020,45.1,27.4,36.4,35.5,0,2020-05-25T05:22:15,2020-05-25T18:38:49,partly-cloudy-day,no,no
"Raipur,India",26-05-2020,44.1,29.1,36.2,37.8,0,2020-05-26T05:22:02,2020-05-26T18:39:15,partly-cloudy-day,no,no
"Raipur,India",27-05-2020,43.2,28.6,36.3,38.4,0,2020-05-27T05:21:51,2020-05-27T18:39:40,partly-cloudy-day,no,no
"Raipur,India",28-05-2020,43.7,29.2,36.6,35.7,0,2020-05-28T05:21:40,2020-05-28T18:40:05,clear-day,no,no
"Raipur,India",29-05-2020,42,27.8,34.7,43.1,0,2020-05-29T05:21:31,2020-05-29T18:40:30,clear-day,no,yes
"Raipur,India",30-05-2020,37,23.6,30.6,58.8,2,2020-05-30T05:21:22,2020-05-30T18:40:54,rain,yes,yes
"Raipur,India",31-05-2020,39.1,25.2,30.5,61.1,29,2020-05-31T05:21:15,2020-05-31T18:41:19,rain,yes,yes
"Raipur,India",01-06-2020,36.1,25.1,30.7,60.9,14.7,2020-06-01T05:21:09,2020-06-01T18:41:43,rain,yes,yes
"Raipur,India",02-06-2020,32.6,25.1,28.1,72.7,0.5,2020-06-02T05:21:04,2020-06-02T18:42:07,rain,yes,yes
"Raipur,India",03-06-2020,32.3,24.8,28.3,74,12,2020-06-03T05:20:59,2020-06-03T18:42:30,rain,yes,yes
"Raipur,India",04-06-2020,36.1,25.7,30.6,61.3,6,2020-06-04T05:20:56,2020-06-04T18:42:54,rain,yes,no
"Raipur,India",05-06-2020,36,24.8,30.2,54,0,2020-06-05T05:20:54,2020-06-05T18:43:16,partly-cloudy-day,no,yes
"Raipur,India",06-06-2020,37.1,25.1,31.4,54.9,0.1,2020-06-06T05:20:54,2020-06-06T18:43:39,rain,yes,yes
"Raipur,India",07-06-2020,38,25.5,31.3,57.4,0.2,2020-06-07T05:20:54,2020-06-07T18:44:01,rain,yes,no
"Raipur,India",08-06-2020,38.1,26.9,31.5,58.9,0,2020-06-08T05:20:55,2020-06-08T18:44:22,partly-cloudy-day,no,yes
"Raipur,India",09-06-2020,38.6,26.6,31.5,60.2,4,2020-06-09T05:20:57,2020-06-09T18:44:43,rain,yes,yes
"Raipur,India",10-06-2020,38.3,27.1,31.8,59.9,1,2020-06-10T05:21:00,2020-06-10T18:45:03,rain,yes,yes
"Raipur,India",11-06-2020,36.1,23.1,29.7,73.2,44,2020-06-11T05:21:04,2020-06-11T18:45:23,rain,yes,yes
"Raipur,India",12-06-2020,33.1,25.1,29,79.4,16.7,2020-06-12T05:21:09,2020-06-12T18:45:42,rain,yes,yes
"Raipur,India",13-06-2020,33.7,25.9,28.5,79.9,0.4,2020-06-13T05:21:15,2020-06-13T18:46:01,rain,yes,yes
"Raipur,India",14-06-2020,34.1,25.9,29.7,76.5,2.4,2020-06-14T05:21:22,2020-06-14T18:46:19,rain,yes,yes
"Raipur,India",15-06-2020,32.9,25.9,28.9,79.1,0.1,2020-06-15T05:21:29,2020-06-15T18:46:37,rain,yes,yes
"Raipur,India",16-06-2020,31.1,25.5,28,82,0.2,2020-06-16T05:21:38,2020-06-16T18:46:53,rain,yes,yes
"Raipur,India",17-06-2020,34.4,24.2,28.5,75.1,0.3,2020-06-17T05:21:48,2020-06-17T18:47:09,rain,yes,yes
"Raipur,India",18-06-2020,32.1,24.5,28.9,74.6,1.5,2020-06-18T05:21:58,2020-06-18T18:47:25,rain,yes,yes
"Raipur,India",19-06-2020,34.1,24.9,29.1,71.6,2.6,2020-06-19T05:22:09,2020-06-19T18:47:39,rain,yes,yes
"Raipur,India",20-06-2020,34.4,23.2,28,78.6,12,2020-06-20T05:22:21,2020-06-20T18:47:53,rain,yes,yes
"Raipur,India",21-06-2020,31.2,24.1,27.2,85.1,25,2020-06-21T05:22:34,2020-06-21T18:48:06,rain,yes,yes
"Raipur,India",22-06-2020,30.5,23.9,25.5,93.1,61,2020-06-22T05:22:47,2020-06-22T18:48:18,rain,yes,yes
"Raipur,India",23-06-2020,31.2,23.1,26,90,76,2020-06-23T05:23:01,2020-06-23T18:48:29,rain,yes,yes
"Raipur,India",24-06-2020,33.1,24.4,29,79,0.4,2020-06-24T05:23:16,2020-06-24T18:48:40,rain,yes,yes
"Raipur,India",25-06-2020,34.6,25.5,30.2,77.4,0.2,2020-06-25T05:23:32,2020-06-25T18:48:49,rain,yes,yes
"Raipur,India",26-06-2020,33.3,25.1,29.6,77.7,0.5,2020-06-26T05:23:48,2020-06-26T18:48:58,rain,yes,yes
"Raipur,India",27-06-2020,34.3,25.3,28.7,80.1,0.4,2020-06-27T05:24:05,2020-06-27T18:49:05,rain,yes,yes
"Raipur,India",28-06-2020,33.1,24.9,28.3,80.5,1,2020-06-28T05:24:22,2020-06-28T18:49:12,rain,yes,yes
"Raipur,India",29-06-2020,31.9,25.1,27.5,85,0.3,2020-06-29T05:24:40,2020-06-29T18:49:18,rain,yes,yes
"Raipur,India",30-06-2020,31.1,24.1,26.8,88.2,7,2020-06-30T05:24:59,2020-06-30T18:49:22,rain,yes,yes
"Raipur,India",01-07-2020,34.1,24.6,29.1,79.2,17,2020-07-01T05:25:18,2020-07-01T18:49:26,rain,yes,yes
"Raipur,India",02-07-2020,35.1,25,29.7,80.5,1.6,2020-07-02T05:25:38,2020-07-02T18:49:29,rain,yes,yes
"Raipur,India",03-07-2020,35.1,24.7,28.8,83.3,13,2020-07-03T05:25:58,2020-07-03T18:49:30,rain,yes,yes
"Raipur,India",04-07-2020,33.1,24.7,28.4,85.4,35,2020-07-04T05:26:18,2020-07-04T18:49:31,rain,yes,yes
"Raipur,India",05-07-2020,31.1,24.3,27.2,90.4,34,2020-07-05T05:26:39,2020-07-05T18:49:31,rain,yes,yes
"Raipur,India",06-07-2020,28.4,24.5,26.4,89.2,4,2020-07-06T05:27:00,2020-07-06T18:49:29,rain,yes,yes
"Raipur,India",07-07-2020,33.1,23.9,28.4,80.7,0.2,2020-07-07T05:27:22,2020-07-07T18:49:26,rain,yes,no
"Raipur,India",08-07-2020,33,24,29,78.4,0,2020-07-08T05:27:44,2020-07-08T18:49:23,partly-cloudy-day,no,yes
"Raipur,India",09-07-2020,33.1,24,27.8,85.5,30,2020-07-09T05:28:06,2020-07-09T18:49:18,rain,yes,yes
"Raipur,India",10-07-2020,32.1,24.5,27.8,83.8,18.7,2020-07-10T05:28:29,2020-07-10T18:49:12,rain,yes,yes
"Raipur,India",11-07-2020,33.1,24.8,28.5,79.7,2.4,2020-07-11T05:28:51,2020-07-11T18:49:05,rain,yes,yes
"Raipur,India",12-07-2020,33.3,24.2,27.5,85.2,17,2020-07-12T05:29:14,2020-07-12T18:48:57,rain,yes,yes
"Raipur,India",13-07-2020,32.1,24.4,27.4,85.8,0.1,2020-07-13T05:29:37,2020-07-13T18:48:47,rain,yes,yes
"Raipur,India",14-07-2020,29.8,24.5,26.4,90.4,18,2020-07-14T05:30:01,2020-07-14T18:48:37,rain,yes,yes
"Raipur,India",15-07-2020,31.7,24.6,27.5,86.8,19,2020-07-15T05:30:24,2020-07-15T18:48:25,rain,yes,yes
"Raipur,India",16-07-2020,30.7,24.4,27.1,86.7,14,2020-07-16T05:30:48,2020-07-16T18:48:13,rain,yes,yes
"Raipur,India",17-07-2020,31.7,24.9,28.1,82.3,1,2020-07-17T05:31:11,2020-07-17T18:47:59,rain,yes,no
"Raipur,India",18-07-2020,34.4,23.8,29.2,76.7,0,2020-07-18T05:31:35,2020-07-18T18:47:44,partly-cloudy-day,no,yes
"Raipur,India",19-07-2020,33.8,24.9,28.9,81.2,24,2020-07-19T05:31:59,2020-07-19T18:47:28,rain,yes,yes
"Raipur,India",20-07-2020,30.1,24.5,27.6,85.3,3.8,2020-07-20T05:32:23,2020-07-20T18:47:11,rain,yes,yes
"Raipur,India",21-07-2020,32.2,23.3,27.6,83.1,6.3,2020-07-21T05:32:47,2020-07-21T18:46:52,rain,yes,yes
"Raipur,India",22-07-2020,31.1,24,27.6,87.7,9,2020-07-22T05:33:11,2020-07-22T18:46:33,rain,yes,yes
"Raipur,India",23-07-2020,28.3,24.1,25.9,89.5,4,2020-07-23T05:33:34,2020-07-23T18:46:12,rain,yes,yes
"Raipur,India",24-07-2020,30.4,23.6,26.9,83.8,0.6,2020-07-24T05:33:58,2020-07-24T18:45:50,rain,yes,yes
"Raipur,India",25-07-2020,31.1,24.2,27.6,80.2,0.6,2020-07-25T05:34:22,2020-07-25T18:45:28,rain,yes,no
"Raipur,India",26-07-2020,33.2,22.9,28.8,75.5,0,2020-07-26T05:34:46,2020-07-26T18:45:04,partly-cloudy-day,no,no
"Raipur,India",27-07-2020,33.7,24.3,28.8,80,0,2020-07-27T05:35:09,2020-07-27T18:44:39,partly-cloudy-day,no,yes
"Raipur,India",28-07-2020,34.1,24.5,28,85.4,36,2020-07-28T05:35:32,2020-07-28T18:44:13,rain,yes,yes
"Raipur,India",29-07-2020,31.4,24.5,28.2,81,5.2,2020-07-29T05:35:56,2020-07-29T18:43:45,rain,yes,no
"Raipur,India",30-07-2020,33.4,24.9,29.4,76.6,0,2020-07-30T05:36:19,2020-07-30T18:43:17,partly-cloudy-day,no,yes
"Raipur,India",31-07-2020,34.1,25.3,29.6,77.4,0.6,2020-07-31T05:36:42,2020-07-31T18:42:48,rain,yes,yes
"Raipur,India",01-08-2020,34.1,25.1,28.5,82.8,10,2020-08-01T05:37:05,2020-08-01T18:42:17,rain,yes,yes
"Raipur,India",02-08-2020,33.4,25.1,28.4,83.9,0.3,2020-08-02T05:37:27,2020-08-02T18:41:46,rain,yes,yes
"Raipur,India",03-08-2020,30.1,25,27.3,84.9,4.9,2020-08-03T05:37:50,2020-08-03T18:41:14,rain,yes,yes
"Raipur,India",04-08-2020,31.2,23.2,27.2,84.6,5.1,2020-08-04T05:38:12,2020-08-04T18:40:40,rain,yes,yes
"Raipur,India",05-08-2020,28.4,24.4,26.4,90.2,63,2020-08-05T05:38:34,2020-08-05T18:40:06,rain,yes,yes
"Raipur,India",06-08-2020,31.1,23.9,27.2,85.2,3.3,2020-08-06T05:38:56,2020-08-06T18:39:31,rain,yes,yes
"Raipur,India",07-08-2020,32.1,24.4,28.2,81.4,0.7,2020-08-07T05:39:17,2020-08-07T18:38:54,rain,yes,yes
"Raipur,India",08-08-2020,28.9,24.4,27,89,1,2020-08-08T05:39:39,2020-08-08T18:38:17,rain,yes,yes
"Raipur,India",09-08-2020,30.6,24.1,26.1,92.9,18.2,2020-08-09T05:40:00,2020-08-09T18:37:39,rain,yes,yes
"Raipur,India",10-08-2020,31.3,25,27.4,87.6,4.7,2020-08-10T05:40:21,2020-08-10T18:37:00,rain,yes,yes
"Raipur,India",11-08-2020,30.2,24.2,26.6,90.1,7,2020-08-11T05:40:41,2020-08-11T18:36:20,rain,yes,yes
"Raipur,India",12-08-2020,29.6,25.1,26.8,90.4,30,2020-08-12T05:41:02,2020-08-12T18:35:39,rain,yes,yes
"Raipur,India",13-08-2020,29.1,24.7,26.5,90,3,2020-08-13T05:41:22,2020-08-13T18:34:58,rain,yes,yes
"Raipur,India",14-08-2020,30.5,24.7,26.7,85.6,0.6,2020-08-14T05:41:42,2020-08-14T18:34:15,rain,yes,yes
"Raipur,India",15-08-2020,27.1,24.6,25.6,92.1,0.3,2020-08-15T05:42:01,2020-08-15T18:33:32,rain,yes,yes
"Raipur,India",16-08-2020,26.7,24.4,25.1,95.8,37.7,2020-08-16T05:42:20,2020-08-16T18:32:48,rain,yes,yes
"Raipur,India",17-08-2020,28.8,24.1,25.8,92.7,10,2020-08-17T05:42:40,2020-08-17T18:32:03,rain,yes,yes
"Raipur,India",18-08-2020,27.1,24.3,25.8,92,5.6,2020-08-18T05:42:58,2020-08-18T18:31:17,rain,yes,yes
"Raipur,India",19-08-2020,30.1,24.1,26.9,89.2,2.5,2020-08-19T05:43:17,2020-08-19T18:30:31,rain,yes,yes
"Raipur,India",20-08-2020,32,25.1,27.4,87,7,2020-08-20T05:43:35,2020-08-20T18:29:44,rain,yes,yes
"Raipur,India",21-08-2020,27.2,25,25.9,90.5,1,2020-08-21T05:43:54,2020-08-21T18:28:56,rain,yes,yes
"Raipur,India",22-08-2020,30.1,24.4,26.9,85.2,3,2020-08-22T05:44:11,2020-08-22T18:28:08,rain,yes,yes
"Raipur,India",23-08-2020,30.1,24.3,27.2,86.4,1.2,2020-08-23T05:44:29,2020-08-23T18:27:19,rain,yes,no
"Raipur,India",24-08-2020,32,23.9,27.8,82.9,0,2020-08-24T05:44:47,2020-08-24T18:26:29,partly-cloudy-day,no,yes
"Raipur,India",25-08-2020,32.4,23.8,27.7,83,11,2020-08-25T05:45:04,2020-08-25T18:25:39,rain,yes,yes
"Raipur,India",26-08-2020,26.7,24.3,25.4,93.6,17,2020-08-26T05:45:21,2020-08-26T18:24:48,rain,yes,yes
"Raipur,India",27-08-2020,25.7,23.7,24.2,98.2,148,2020-08-27T05:45:37,2020-08-27T18:23:57,rain,yes,yes
"Raipur,India",28-08-2020,26.2,23.1,24.3,93.2,69,2020-08-28T05:45:54,2020-08-28T18:23:05,rain,yes,yes
"Raipur,India",29-08-2020,29.1,23.8,26.1,87.9,0.2,2020-08-29T05:46:10,2020-08-29T18:22:13,rain,yes,yes
"Raipur,India",30-08-2020,33.1,23.4,27.7,82.9,1,2020-08-30T05:46:27,2020-08-30T18:21:20,rain,yes,no
"Raipur,India",31-08-2020,33.1,22.8,28.4,81.6,0,2020-08-31T05:46:43,2020-08-31T18:20:27,partly-cloudy-day,no,yes
"Raipur,India",01-09-2020,32.7,23.5,28.7,79.8,1,2020-09-01T05:46:59,2020-09-01T18:19:33,rain,yes,yes
"Raipur,India",02-09-2020,30.6,24.1,26.5,86.3,0.5,2020-09-02T05:47:14,2020-09-02T18:18:39,rain,yes,yes
"Raipur,India",03-09-2020,31.2,22.9,27.3,81.3,0.4,2020-09-03T05:47:30,2020-09-03T18:17:44,rain,yes,no
"Raipur,India",04-09-2020,33.4,23.7,29,76,0,2020-09-04T05:47:45,2020-09-04T18:16:49,partly-cloudy-day,no,yes
"Raipur,India",05-09-2020,32.1,24.3,28.1,83.9,29,2020-09-05T05:48:00,2020-09-05T18:15:54,rain,yes,yes
"Raipur,India",06-09-2020,34.1,24.6,28.3,84.3,9.9,2020-09-06T05:48:16,2020-09-06T18:14:58,rain,yes,yes
"Raipur,India",07-09-2020,32.1,24.1,28,86.7,2.3,2020-09-07T05:48:31,2020-09-07T18:14:02,rain,yes,no
"Raipur,India",08-09-2020,33.1,23.8,28.9,82.6,0,2020-09-08T05:48:46,2020-09-08T18:13:06,partly-cloudy-day,no,yes
"Raipur,India",09-09-2020,33.1,23.4,27.9,83.2,25,2020-09-09T05:49:01,2020-09-09T18:12:09,rain,yes,yes
"Raipur,India",10-09-2020,31.8,25.3,28.1,82.1,3,2020-09-10T05:49:16,2020-09-10T18:11:13,rain,yes,yes
"Raipur,India",11-09-2020,31.1,23.7,27.5,85.9,8,2020-09-11T05:49:30,2020-09-11T18:10:16,rain,yes,yes
"Raipur,India",12-09-2020,32.2,25.2,28.7,83.4,0.6,2020-09-12T05:49:45,2020-09-12T18:09:19,rain,yes,yes
"Raipur,India",13-09-2020,33.4,23.8,28.6,82.8,0.5,2020-09-13T05:50:00,2020-09-13T18:08:22,rain,yes,yes
"Raipur,India",14-09-2020,33.1,23.7,28.6,81.1,0.7,2020-09-14T05:50:14,2020-09-14T18:07:24,rain,yes,no
"Raipur,India",15-09-2020,33.1,24.6,28.7,81.5,0,2020-09-15T05:50:29,2020-09-15T18:06:27,partly-cloudy-day,no,no
"Raipur,India",16-09-2020,34.1,24.2,29.2,80.5,0,2020-09-16T05:50:44,2020-09-16T18:05:29,partly-cloudy-day,no,yes
"Raipur,India",17-09-2020,35.1,24.9,29.8,78.1,0.2,2020-09-17T05:50:59,2020-09-17T18:04:32,rain,yes,yes
"Raipur,India",18-09-2020,33.3,24.5,28.5,83,1.6,2020-09-18T05:51:14,2020-09-18T18:03:34,rain,yes,yes
"Raipur,India",19-09-2020,33.1,25.6,28.3,84.6,0.2,2020-09-19T05:51:28,2020-09-19T18:02:37,rain,yes,yes
"Raipur,India",20-09-2020,32.1,24.6,28.2,85,1.9,2020-09-20T05:51:43,2020-09-20T18:01:39,rain,yes,yes
"Raipur,India",21-09-2020,28.4,24,25.5,96.4,19,2020-09-21T05:51:58,2020-09-21T18:00:41,rain,yes,yes
"Raipur,India",22-09-2020,30.1,23.5,26.3,90.8,0.6,2020-09-22T05:52:13,2020-09-22T17:59:44,rain,yes,yes
"Raipur,India",23-09-2020,31.1,24.3,27.4,85.9,0.4,2020-09-23T05:52:29,2020-09-23T17:58:47,rain,yes,yes
"Raipur,India",24-09-2020,32.1,23.9,27.4,85.8,0.4,2020-09-24T05:52:44,2020-09-24T17:57:49,rain,yes,yes
"Raipur,India",25-09-2020,32.1,24,27.8,85.1,0.1,2020-09-25T05:53:00,2020-09-25T17:56:52,rain,yes,no
"Raipur,India",26-09-2020,31.9,23.3,27.7,83.4,0,2020-09-26T05:53:15,2020-09-26T17:55:55,partly-cloudy-day,no,yes
"Raipur,India",27-09-2020,34.1,21.6,28.3,79.6,0.2,2020-09-27T05:53:31,2020-09-27T17:54:58,rain,yes,yes
"Raipur,India",28-09-2020,33.1,22.7,28.1,79.6,0.1,2020-09-28T05:53:47,2020-09-28T17:54:02,rain,yes,yes
"Raipur,India",29-09-2020,32.7,23.5,28,79.4,0.6,2020-09-29T05:54:03,2020-09-29T17:53:06,rain,yes,yes
"Raipur,India",30-09-2020,32.6,22.9,27.7,74.5,0.3,2020-09-30T05:54:20,2020-09-30T17:52:10,rain,yes,yes
"Raipur,India",01-10-2020,30.3,22.7,27.2,77.2,1.6,2020-10-01T05:54:37,2020-10-01T17:51:14,rain,yes,no
"Raipur,India",02-10-2020,33.1,22.2,27.6,72.8,0,2020-10-02T05:54:54,2020-10-02T17:50:19,partly-cloudy-day,no,yes
"Raipur,India",03-10-2020,32.1,21.6,26.8,77.8,0.4,2020-10-03T05:55:11,2020-10-03T17:49:24,rain,yes,yes
"Raipur,India",04-10-2020,30.3,21.8,25.9,86,0.7,2020-10-04T05:55:28,2020-10-04T17:48:29,rain,yes,yes
"Raipur,India",05-10-2020,30.1,23.3,26.3,87.4,0.4,2020-10-05T05:55:46,2020-10-05T17:47:35,rain,yes,yes
"Raipur,India",06-10-2020,32.1,23.5,27.2,86.3,2,2020-10-06T05:56:04,2020-10-06T17:46:41,rain,yes,yes
"Raipur,India",07-10-2020,32.1,22.7,26.5,87,6.4,2020-10-07T05:56:23,2020-10-07T17:45:48,rain,yes,yes
"Raipur,India",08-10-2020,31.4,22.3,26.9,86.8,0.1,2020-10-08T05:56:42,2020-10-08T17:44:55,rain,yes,yes
"Raipur,India",09-10-2020,33.1,23.5,28.2,82.2,0.9,2020-10-09T05:57:01,2020-10-09T17:44:03,rain,yes,yes
"Raipur,India",10-10-2020,32.1,24.4,27.9,82.9,0.6,2020-10-10T05:57:20,2020-10-10T17:43:11,rain,yes,yes
"Raipur,India",11-10-2020,32.1,23.2,27.6,81.5,1.1,2020-10-11T05:57:40,2020-10-11T17:42:20,rain,yes,yes
"Raipur,India",12-10-2020,33.1,22.4,28,77.8,0.6,2020-10-12T05:58:00,2020-10-12T17:41:29,rain,yes,yes
"Raipur,India",13-10-2020,33.1,23.5,27.1,81.4,0.9,2020-10-13T05:58:21,2020-10-13T17:40:39,rain,yes,yes
"Raipur,India",14-10-2020,30.1,23.9,26.7,85.7,5.3,2020-10-14T05:58:42,2020-10-14T17:39:50,rain,yes,yes
"Raipur,India",15-10-2020,30.9,23.9,26,91,8,2020-10-15T05:59:04,2020-10-15T17:39:01,rain,yes,yes
"Raipur,India",16-10-2020,31.1,23.3,26.7,86.7,1.7,2020-10-16T05:59:26,2020-10-16T17:38:13,rain,yes,yes
"Raipur,India",17-10-2020,33,23.1,27.6,81.7,0.2,2020-10-17T05:59:48,2020-10-17T17:37:26,rain,yes,no
"Raipur,India",18-10-2020,33.1,22.6,28.4,75.1,0,2020-10-18T06:00:11,2020-10-18T17:36:39,partly-cloudy-day,no,no
"Raipur,India",19-10-2020,33.2,23,28,78.8,0,2020-10-19T06:00:34,2020-10-19T17:35:54,partly-cloudy-day,no,no
"Raipur,India",20-10-2020,34.1,22.4,28.2,71.1,0,2020-10-20T06:00:58,2020-10-20T17:35:09,partly-cloudy-day,no,no
"Raipur,India",21-10-2020,33.2,20.2,26.3,77.7,0,2020-10-21T06:01:23,2020-10-21T17:34:25,partly-cloudy-day,no,no
"Raipur,India",22-10-2020,33.1,20.7,26.6,65.5,0,2020-10-22T06:01:47,2020-10-22T17:33:42,partly-cloudy-day,no,no
"Raipur,India",23-10-2020,33,18.1,25.5,66.9,0,2020-10-23T06:02:13,2020-10-23T17:32:59,partly-cloudy-day,no,no
"Raipur,India",24-10-2020,33,19.5,25.8,68.8,0,2020-10-24T06:02:39,2020-10-24T17:32:18,partly-cloudy-day,no,no
"Raipur,India",25-10-2020,34.1,20.6,26.6,57.9,0,2020-10-25T06:03:05,2020-10-25T17:31:37,clear-day,no,no
"Raipur,India",26-10-2020,32.4,19.9,25.6,62.3,0,2020-10-26T06:03:32,2020-10-26T17:30:58,clear-day,no,no
"Raipur,India",27-10-2020,31.4,19.7,25.6,64.4,0,2020-10-27T06:03:59,2020-10-27T17:30:19,clear-day,no,no
"Raipur,India",28-10-2020,32.1,19.4,25.5,64.3,0,2020-10-28T06:04:27,2020-10-28T17:29:42,partly-cloudy-day,no,no
"Raipur,India",29-10-2020,31.2,18.7,24.4,68.5,0,2020-10-29T06:04:55,2020-10-29T17:29:05,clear-day,no,no
"Raipur,India",30-10-2020,31.2,17.9,23.4,70.3,0,2020-10-30T06:05:24,2020-10-30T17:28:30,partly-cloudy-day,no,no
"Raipur,India",31-10-2020,32.1,15.9,23.6,59.7,0,2020-10-31T06:05:54,2020-10-31T17:27:55,partly-cloudy-day,no,no
"Raipur,India",01-11-2020,32.7,16.5,24.2,67.9,0,2020-11-01T06:06:24,2020-11-01T17:27:22,clear-day,no,no
"Raipur,India",02-11-2020,32.3,17,25.4,58.2,0,2020-11-02T06:06:54,2020-11-02T17:26:50,clear-day,no,no
"Raipur,India",03-11-2020,31.1,15.2,23.2,60.4,0,2020-11-03T06:07:25,2020-11-03T17:26:19,clear-day,no,no
"Raipur,India",04-11-2020,31.1,15.5,23.4,55.7,0,2020-11-04T06:07:57,2020-11-04T17:25:49,clear-day,no,no
"Raipur,India",05-11-2020,32.1,14.8,23.8,50.3,0,2020-11-05T06:08:29,2020-11-05T17:25:20,clear-day,no,no
"Raipur,India",06-11-2020,31.7,13.5,21.5,62.4,0,2020-11-06T06:09:02,2020-11-06T17:24:53,clear-day,no,no
"Raipur,India",07-11-2020,30.1,12,21.9,53.4,0,2020-11-07T06:09:35,2020-11-07T17:24:26,clear-day,no,no
"Raipur,India",08-11-2020,30.1,12.6,20.9,56.1,0,2020-11-08T06:10:08,2020-11-08T17:24:01,clear-day,no,no
"Raipur,India",09-11-2020,28.1,10.9,19.7,62.3,0,2020-11-09T06:10:42,2020-11-09T17:23:38,clear-day,no,no
"Raipur,India",10-11-2020,29.1,12.3,21.7,55.3,0,2020-11-10T06:11:17,2020-11-10T17:23:15,clear-day,no,no
"Raipur,India",11-11-2020,30.7,13.4,21.6,79.3,0,2020-11-11T06:11:52,2020-11-11T17:22:54,partly-cloudy-day,no,no
"Raipur,India",12-11-2020,31.1,18.3,24.4,77.9,0,2020-11-12T06:12:27,2020-11-12T17:22:34,partly-cloudy-day,no,no
"Raipur,India",13-11-2020,32.3,17.9,24.8,69.9,0,2020-11-13T06:13:03,2020-11-13T17:22:15,partly-cloudy-day,no,no
"Raipur,India",14-11-2020,33.1,16.4,24.3,66.6,0,2020-11-14T06:13:39,2020-11-14T17:21:58,clear-day,no,no
"Raipur,India",15-11-2020,32.1,16.4,25.2,64.1,0,2020-11-15T06:14:15,2020-11-15T17:21:42,clear-day,no,no
"Raipur,India",16-11-2020,33.1,18,25.4,68.5,0,2020-11-16T06:14:52,2020-11-16T17:21:27,clear-day,no,no
"Raipur,India",17-11-2020,33.2,18.9,24.6,73,0,2020-11-17T06:15:30,2020-11-17T17:21:14,partly-cloudy-day,no,no
"Raipur,India",18-11-2020,33.1,19.3,25.7,71.5,0,2020-11-18T06:16:07,2020-11-18T17:21:02,partly-cloudy-day,no,no
"Raipur,India",19-11-2020,34.1,18.2,25.4,70,0,2020-11-19T06:16:45,2020-11-19T17:20:51,partly-cloudy-day,no,no
"Raipur,India",20-11-2020,32.1,18.9,25.1,76.5,0.2,2020-11-20T06:17:23,2020-11-20T17:20:42,rain,no,yes
"Raipur,India",21-11-2020,29.1,18.6,24.2,71.5,3.4,2020-11-21T06:18:02,2020-11-21T17:20:34,rain,yes,no
"Raipur,India",22-11-2020,28.1,14.2,20.7,56,0,2020-11-22T06:18:40,2020-11-22T17:20:27,clear-day,no,no
"Raipur,India",23-11-2020,29.1,10.6,19.9,61.1,0,2020-11-23T06:19:19,2020-11-23T17:20:22,clear-day,no,no
"Raipur,India",24-11-2020,28.6,11.2,20.1,63.9,0,2020-11-24T06:19:58,2020-11-24T17:20:18,partly-cloudy-day,no,no
"Raipur,India",25-11-2020,28.3,10.6,20.1,67.1,0,2020-11-25T06:20:37,2020-11-25T17:20:16,partly-cloudy-day,no,yes
"Raipur,India",26-11-2020,26.1,15.2,20,69.6,0.2,2020-11-26T06:21:17,2020-11-26T17:20:15,rain,yes,yes
"Raipur,India",27-11-2020,25,15,19.8,77.4,0.5,2020-11-27T06:21:56,2020-11-27T17:20:15,rain,yes,no
"Raipur,India",28-11-2020,29.4,14.8,22.1,66.4,0,2020-11-28T06:22:35,2020-11-28T17:20:17,clear-day,no,no
"Raipur,India",29-11-2020,31,14,22.3,59,0,2020-11-29T06:23:15,2020-11-29T17:20:20,clear-day,no,no
"Raipur,India",30-11-2020,30.2,14.3,22.4,60.5,0,2020-11-30T06:23:54,2020-11-30T17:20:25,clear-day,no,no
"Raipur,India",01-12-2020,29.4,13.4,21.8,61.5,0,2020-12-01T06:24:34,2020-12-01T17:20:31,clear-day,no,no
"Raipur,India",02-12-2020,29.4,14.6,21,66.5,0,2020-12-02T06:25:13,2020-12-02T17:20:38,partly-cloudy-day,no,no
"Raipur,India",03-12-2020,29.8,12.7,20.9,63.4,0,2020-12-03T06:25:52,2020-12-03T17:20:46,clear-day,no,no
"Raipur,India",04-12-2020,29.9,14.1,20.5,61.3,0,2020-12-04T06:26:31,2020-12-04T17:20:56,clear-day,no,no
"Raipur,India",05-12-2020,30.6,12.5,20.4,59.8,0,2020-12-05T06:27:10,2020-12-05T17:21:08,clear-day,no,no
"Raipur,India",06-12-2020,30.1,13.1,21.1,59.3,0,2020-12-06T06:27:48,2020-12-06T17:21:20,clear-day,no,no
"Raipur,India",07-12-2020,31.1,13.3,21.1,63.4,0,2020-12-07T06:28:26,2020-12-07T17:21:34,clear-day,no,no
"Raipur,India",08-12-2020,31.6,13.7,21.5,62.8,0,2020-12-08T06:29:04,2020-12-08T17:21:49,partly-cloudy-day,no,no
"Raipur,India",09-12-2020,31.2,14.2,21.1,62.7,0,2020-12-09T06:29:42,2020-12-09T17:22:05,clear-day,no,no
"Raipur,India",10-12-2020,30.7,14.4,20.5,64,0,2020-12-10T06:30:19,2020-12-10T17:22:23,partly-cloudy-day,no,no
"Raipur,India",11-12-2020,30.3,14.3,21.2,63.9,0,2020-12-11T06:30:56,2020-12-11T17:22:41,clear-day,no,no
"Raipur,India",12-12-2020,30.6,14.6,21.8,62.5,0,2020-12-12T06:31:32,2020-12-12T17:23:01,partly-cloudy-day,no,no
"Raipur,India",13-12-2020,29.1,15,22.3,63,0,2020-12-13T06:32:08,2020-12-13T17:23:22,partly-cloudy-day,no,yes
"Raipur,India",14-12-2020,26.9,16.3,21,74.4,0.1,2020-12-14T06:32:44,2020-12-14T17:23:44,rain,yes,no
"Raipur,India",15-12-2020,28.1,16.1,22.4,75.4,0,2020-12-15T06:33:18,2020-12-15T17:24:08,partly-cloudy-day,no,no
"Raipur,India",16-12-2020,30.1,15.7,23,75.2,0,2020-12-16T06:33:52,2020-12-16T17:24:32,partly-cloudy-day,no,no
"Raipur,India",17-12-2020,27.2,15.6,21.9,78.4,0,2020-12-17T06:34:26,2020-12-17T17:24:57,partly-cloudy-day,no,no
"Raipur,India",18-12-2020,28.1,13.3,20.7,68.6,0,2020-12-18T06:34:59,2020-12-18T17:25:24,clear-day,no,no
"Raipur,India",19-12-2020,27.1,10.5,18.3,53.7,0,2020-12-19T06:35:31,2020-12-19T17:25:51,partly-cloudy-day,no,no
"Raipur,India",20-12-2020,27.3,8.4,18.1,44,0,2020-12-20T06:36:02,2020-12-20T17:26:20,clear-day,no,no
"Raipur,India",21-12-2020,27.4,8.5,16.4,52.5,0,2020-12-21T06:36:32,2020-12-21T17:26:49,clear-day,no,no
"Raipur,India",22-12-2020,27.4,10.6,18,49,0,2020-12-22T06:37:02,2020-12-22T17:27:19,clear-day,no,no
"Raipur,India",23-12-2020,27.3,10.3,18,52.7,0,2020-12-23T06:37:31,2020-12-23T17:27:51,clear-day,no,no
"Raipur,India",24-12-2020,28.1,10.4,18.3,56.8,0,2020-12-24T06:37:59,2020-12-24T17:28:23,partly-cloudy-day,no,no
"Raipur,India",25-12-2020,27.6,9.2,19,50.2,0,2020-12-25T06:38:26,2020-12-25T17:28:55,clear-day,no,no
"Raipur,India",26-12-2020,27.4,8.6,17.9,55.8,0,2020-12-26T06:38:52,2020-12-26T17:29:29,clear-day,no,no
"Raipur,India",27-12-2020,28.1,10.5,18.7,58.3,0,2020-12-27T06:39:17,2020-12-27T17:30:03,clear-day,no,no
"Raipur,India",28-12-2020,29.1,11,20.3,57.7,0,2020-12-28T06:39:41,2020-12-28T17:30:38,clear-day,no,no
"Raipur,India",29-12-2020,28.9,12.5,21,58.9,0,2020-12-29T06:40:04,2020-12-29T17:31:14,clear-day,no,no
"Raipur,India",30-12-2020,27.9,12.2,19.6,67.3,0,2020-12-30T06:40:26,2020-12-30T17:31:50,clear-day,no,no
"Raipur,India",31-12-2020,28.1,11.4,20.6,62,0,2020-12-31T06:40:46,2020-12-31T17:32:27,clear-day,no,no
"Raipur,India",01-01-2021,28.1,10.7,20.5,65.6,0,2021-01-01T06:41:06,2021-01-01T17:33:04,clear-day,no,no
"Raipur,India",02-01-2021,28.1,12.3,20.7,64.8,0,2021-01-02T06:41:25,2021-01-02T17:33:42,partly-cloudy-day,no,no
"Raipur,India",03-01-2021,29.1,13.7,21,61.3,0,2021-01-03T06:41:42,2021-01-03T17:34:20,clear-day,no,no
"Raipur,India",04-01-2021,29.1,12.2,20.6,62.6,0,2021-01-04T06:41:58,2021-01-04T17:34:59,partly-cloudy-day,no,no
"Raipur,India",05-01-2021,30.3,12.9,22.1,55.4,0,2021-01-05T06:42:13,2021-01-05T17:35:38,clear-day,no,no
"Raipur,India",06-01-2021,30.7,15.2,22.7,59.2,0,2021-01-06T06:42:27,2021-01-06T17:36:18,partly-cloudy-day,no,no
"Raipur,India",07-01-2021,28.1,17,23.1,62.4,0,2021-01-07T06:42:39,2021-01-07T17:36:58,partly-cloudy-day,no,no
"Raipur,India",08-01-2021,30.1,17.4,23.2,66.1,0,2021-01-08T06:42:51,2021-01-08T17:37:38,partly-cloudy-day,no,no
"Raipur,India",09-01-2021,32.1,15.8,23.8,63.7,0,2021-01-09T06:43:01,2021-01-09T17:38:18,partly-cloudy-day,no,no
"Raipur,India",10-01-2021,33.1,16.9,24.1,60.5,0,2021-01-10T06:43:09,2021-01-10T17:38:59,clear-day,no,no
"Raipur,India",11-01-2021,31.8,17.3,23.3,68.2,0,2021-01-11T06:43:17,2021-01-11T17:39:39,clear-day,no,no
"Raipur,India",12-01-2021,30.7,15.1,23.6,66.9,0,2021-01-12T06:43:23,2021-01-12T17:40:20,clear-day,no,no
"Raipur,India",13-01-2021,27.7,15.1,20.3,55.8,0,2021-01-13T06:43:27,2021-01-13T17:41:01,clear-day,no,no
"Raipur,India",14-01-2021,28.1,11.3,19.1,50.3,0,2021-01-14T06:43:31,2021-01-14T17:41:42,clear-day,no,no
"Raipur,India",15-01-2021,29.1,9.5,19.5,44.5,0,2021-01-15T06:43:33,2021-01-15T17:42:23,clear-day,no,no
"Raipur,India",16-01-2021,28.1,9.1,19.2,43.9,0,2021-01-16T06:43:34,2021-01-16T17:43:04,clear-day,no,no
"Raipur,India",17-01-2021,29.3,8.5,19.9,43.4,0,2021-01-17T06:43:33,2021-01-17T17:43:45,clear-day,no,no
"Raipur,India",18-01-2021,31.1,8.3,20.6,49.8,0,2021-01-18T06:43:31,2021-01-18T17:44:26,clear-day,no,no
"Raipur,India",19-01-2021,31.6,12.9,22.6,56.2,0,2021-01-19T06:43:28,2021-01-19T17:45:07,partly-cloudy-day,no,no
"Raipur,India",20-01-2021,30.1,15.2,23.9,61.1,0,2021-01-20T06:43:23,2021-01-20T17:45:48,partly-cloudy-day,no,no
"Raipur,India",21-01-2021,29.1,11.6,20.1,48.9,0,2021-01-21T06:43:17,2021-01-21T17:46:28,clear-day,no,no
"Raipur,India",22-01-2021,30.1,9.4,20.1,44.5,0,2021-01-22T06:43:10,2021-01-22T17:47:08,clear-day,no,no
"Raipur,India",23-01-2021,31.1,11.2,20.9,45.7,0,2021-01-23T06:43:02,2021-01-23T17:47:49,clear-day,no,no
"Raipur,India",24-01-2021,32.1,12.2,21.9,53,0,2021-01-24T06:42:52,2021-01-24T17:48:28,clear-day,no,no
"Raipur,India",25-01-2021,31.1,14.9,23.8,57.6,0,2021-01-25T06:42:40,2021-01-25T17:49:08,clear-day,no,no
"Raipur,India",26-01-2021,30.1,11.9,22.3,61.3,0,2021-01-26T06:42:28,2021-01-26T17:49:47,clear-day,no,no
"Raipur,India",27-01-2021,29.1,12.6,21.8,61.1,0,2021-01-27T06:42:14,2021-01-27T17:50:27,partly-cloudy-day,no,no
"Raipur,India",28-01-2021,30.1,12.9,22.3,64.9,0,2021-01-28T06:41:59,2021-01-28T17:51:05,clear-day,no,yes
"Raipur,India",29-01-2021,26.6,15.5,21.5,77.1,0.6,2021-01-29T06:41:42,2021-01-29T17:51:44,rain,yes,no
"Raipur,India",30-01-2021,26.8,11.1,19.5,41.7,0,2021-01-30T06:41:24,2021-01-30T17:52:22,partly-cloudy-day,no,no
"Raipur,India",31-01-2021,27.4,6.9,18.4,38.5,0,2021-01-31T06:41:05,2021-01-31T17:52:59,clear-day,no,no
"Raipur,India",01-02-2021,28,7.5,18.8,38.4,0,2021-02-01T06:40:45,2021-02-01T17:53:37,clear-day,no,no
"Raipur,India",02-02-2021,29.3,10.6,19.8,36.8,0,2021-02-02T06:40:23,2021-02-02T17:54:13,clear-day,no,no
"Raipur,India",03-02-2021,30.9,11.9,21.3,37.2,0,2021-02-03T06:40:01,2021-02-03T17:54:50,clear-day,no,no
"Raipur,India",04-02-2021,30.1,13.5,21.5,37.5,0,2021-02-04T06:39:37,2021-02-04T17:55:26,clear-day,no,no
"Raipur,India",05-02-2021,30.8,12,21.7,36.6,0,2021-02-05T06:39:11,2021-02-05T17:56:01,clear-day,no,no
"Raipur,India",06-02-2021,29.1,14.9,21.9,42.7,0,2021-02-06T06:38:45,2021-02-06T17:56:36,partly-cloudy-day,no,no
"Raipur,India",07-02-2021,28.1,11.3,20,49.2,0,2021-02-07T06:38:18,2021-02-07T17:57:11,clear-day,no,no
"Raipur,India",08-02-2021,28.1,11.1,20,48.7,0,2021-02-08T06:37:49,2021-02-08T17:57:45,clear-day,no,no
"Raipur,India",09-02-2021,30.1,12.7,21.2,43.3,0,2021-02-09T06:37:19,2021-02-09T17:58:19,clear-day,no,no
"Raipur,India",10-02-2021,31.1,14.3,21.6,43.5,0,2021-02-10T06:36:48,2021-02-10T17:58:52,clear-day,no,no
"Raipur,India",11-02-2021,30.4,14.1,21.2,36.4,0,2021-02-11T06:36:16,2021-02-11T17:59:25,partly-cloudy-day,no,no
"Raipur,India",12-02-2021,30,13,20.9,43.9,0,2021-02-12T06:35:43,2021-02-12T17:59:57,partly-cloudy-day,no,no
"Raipur,India",13-02-2021,32.1,14.9,23.6,48.7,0,2021-02-13T06:35:09,2021-02-13T18:00:29,clear-day,no,no
"Raipur,India",14-02-2021,32.1,17.1,24,51.7,0,2021-02-14T06:34:34,2021-02-14T18:01:00,clear-day,no,no
"Raipur,India",15-02-2021,31.4,17.5,24.7,53.6,0,2021-02-15T06:33:58,2021-02-15T18:01:31,clear-day,no,yes
"Raipur,India",16-02-2021,32.7,18.1,24.4,56.7,0.7,2021-02-16T06:33:21,2021-02-16T18:02:01,rain,yes,yes
"Raipur,India",17-02-2021,28.9,17,20.3,75.1,0.7,2021-02-17T06:32:43,2021-02-17T18:02:30,rain,yes,yes
"Raipur,India",18-02-2021,27.1,16.1,21.1,73.6,1.3,2021-02-18T06:32:04,2021-02-18T18:03:00,rain,yes,yes
"Raipur,India",19-02-2021,28.1,16.4,21.5,67.1,0.5,2021-02-19T06:31:24,2021-02-19T18:03:29,rain,yes,yes
"Raipur,India",20-02-2021,29.5,15.4,22.3,59.2,1.2,2021-02-20T06:30:43,2021-02-20T18:03:57,rain,yes,yes
"Raipur,India",21-02-2021,31.1,15.4,23,55.5,0.8,2021-02-21T06:30:02,2021-02-21T18:04:25,rain,yes,no
"Raipur,India",22-02-2021,32.1,16.1,24,47.2,0,2021-02-22T06:29:20,2021-02-22T18:04:52,clear-day,no,no
"Raipur,India",23-02-2021,33.1,17.1,24.6,44.2,0,2021-02-23T06:28:36,2021-02-23T18:05:19,clear-day,no,no
"Raipur,India",24-02-2021,34.1,17.1,25,42.5,0,2021-02-24T06:27:52,2021-02-24T18:05:45,partly-cloudy-day,no,no
"Raipur,India",25-02-2021,35.1,17.4,26.2,38.2,0,2021-02-25T06:27:08,2021-02-25T18:06:11,partly-cloudy-day,no,no
"Raipur,India",26-02-2021,36.1,16.7,26.8,41.7,0,2021-02-26T06:26:22,2021-02-26T18:06:37,clear-day,no,no
"Raipur,India",27-02-2021,36.1,17.9,26.9,34.5,0,2021-02-27T06:25:36,2021-02-27T18:07:02,clear-day,no,no
"Raipur,India",28-02-2021,35.8,20,27.6,34.7,0,2021-02-28T06:24:49,2021-02-28T18:07:27,clear-day,no,no
"Raipur,India",01-03-2021,36.9,20.1,28.5,31.8,0,2021-03-01T06:24:02,2021-03-01T18:07:51,clear-day,no,no
"Raipur,India",02-03-2021,35.2,18,27.6,32.4,0,2021-03-02T06:23:14,2021-03-02T18:08:15,clear-day,no,no
"Raipur,India",03-03-2021,34.1,15.8,25.8,30.8,0,2021-03-03T06:22:25,2021-03-03T18:08:39,clear-day,no,no
"Raipur,India",04-03-2021,36.1,19.1,27.1,28.4,0,2021-03-04T06:21:36,2021-03-04T18:09:02,clear-day,no,no
"Raipur,India",05-03-2021,36.1,16.7,27.2,30.9,0,2021-03-05T06:20:46,2021-03-05T18:09:25,clear-day,no,no
"Raipur,India",06-03-2021,35.3,16.4,26.7,27.3,0,2021-03-06T06:19:56,2021-03-06T18:09:47,clear-day,no,no
"Raipur,India",07-03-2021,36.1,19.1,27.5,28.4,0,2021-03-07T06:19:05,2021-03-07T18:10:10,clear-day,no,no
"Raipur,India",08-03-2021,37.2,17.7,27.8,32,0,2021-03-08T06:18:14,2021-03-08T18:10:31,clear-day,no,no
"Raipur,India",09-03-2021,36.8,18.6,28.4,39,0,2021-03-09T06:17:23,2021-03-09T18:10:53,clear-day,no,no
"Raipur,India",10-03-2021,36.1,21.1,28.6,43.5,0,2021-03-10T06:16:31,2021-03-10T18:11:14,clear-day,no,no
"Raipur,India",11-03-2021,35.1,21.5,28.7,44.1,0,2021-03-11T06:15:38,2021-03-11T18:11:35,partly-cloudy-day,no,no
"Raipur,India",12-03-2021,37.1,22.1,28.9,40.2,0,2021-03-12T06:14:46,2021-03-12T18:11:56,partly-cloudy-day,no,yes
"Raipur,India",13-03-2021,34.8,19.8,25.8,56.7,5,2021-03-13T06:13:53,2021-03-13T18:12:17,rain,yes,no
"Raipur,India",14-03-2021,35.3,20.7,27.6,53.3,0,2021-03-14T06:12:59,2021-03-14T18:12:37,clear-day,no,no
"Raipur,India",15-03-2021,35.1,20.4,28,42.3,0,2021-03-15T06:12:06,2021-03-15T18:12:57,clear-day,no,no
"Raipur,India",16-03-2021,36.1,21.7,28.7,37.6,0,2021-03-16T06:11:12,2021-03-16T18:13:17,clear-day,no,no
"Raipur,India",17-03-2021,36,21.4,29.1,38.6,0,2021-03-17T06:10:18,2021-03-17T18:13:36,clear-day,no,yes
"Raipur,India",18-03-2021,36.2,23.3,29,41.2,0.2,2021-03-18T06:09:23,2021-03-18T18:13:56,rain,yes,yes
"Raipur,India",19-03-2021,30.1,22.7,26.3,57,0.2,2021-03-19T06:08:29,2021-03-19T18:14:15,rain,yes,yes
"Raipur,India",20-03-2021,36.4,20.1,27.4,56.1,0.9,2021-03-20T06:07:34,2021-03-20T18:14:34,rain,yes,no
"Raipur,India",21-03-2021,35.1,20.9,27.9,47,0,2021-03-21T06:06:40,2021-03-21T18:14:53,partly-cloudy-day,no,no
"Raipur,India",22-03-2021,37.3,22.1,30,41.2,0,2021-03-22T06:05:45,2021-03-22T18:15:12,clear-day,no,no
"Raipur,India",23-03-2021,38.3,23.9,28.1,45.6,0,2021-03-23T06:04:50,2021-03-23T18:15:31,partly-cloudy-day,no,no
"Raipur,India",24-03-2021,37.2,20.1,29.1,44.3,0,2021-03-24T06:03:55,2021-03-24T18:15:50,clear-day,no,no
"Raipur,India",25-03-2021,37.6,22.1,30.1,37.7,0,2021-03-25T06:03:00,2021-03-25T18:16:09,partly-cloudy-day,no,no
"Raipur,India",26-03-2021,37.1,23.6,30,35,0,2021-03-26T06:02:06,2021-03-26T18:16:27,partly-cloudy-day,no,no
"Raipur,India",27-03-2021,38,21.2,29.9,32.9,0,2021-03-27T06:01:11,2021-03-27T18:16:46,clear-day,no,no
"Raipur,India",28-03-2021,39.3,22.1,30.9,30.8,0,2021-03-28T06:00:16,2021-03-28T18:17:04,clear-day,no,no
"Raipur,India",29-03-2021,40.5,23,31.5,30.8,0,2021-03-29T05:59:21,2021-03-29T18:17:23,partly-cloudy-day,no,no
"Raipur,India",30-03-2021,41.1,23.1,31.8,35.9,0,2021-03-30T05:58:27,2021-03-30T18:17:42,clear-day,no,no
"Raipur,India",31-03-2021,41.6,23.4,31.9,27.4,0,2021-03-31T05:57:32,2021-03-31T18:18:00,partly-cloudy-day,no,no
"Raipur,India",01-04-2021,40.5,23.2,32.2,32,0,2021-04-01T05:56:38,2021-04-01T18:18:19,clear-day,no,no
"Raipur,India",02-04-2021,39.9,20.1,31.4,27.1,0,2021-04-02T05:55:44,2021-04-02T18:18:37,clear-day,no,no
"Raipur,India",03-04-2021,39.6,23.1,31.3,34.1,0,2021-04-03T05:54:50,2021-04-03T18:18:56,clear-day,no,no
"Raipur,India",04-04-2021,38.3,20.4,30.3,39.6,0,2021-04-04T05:53:57,2021-04-04T18:19:15,clear-day,no,no
"Raipur,India",05-04-2021,39.6,24.1,31.8,29.8,0,2021-04-05T05:53:04,2021-04-05T18:19:34,clear-day,no,no
"Raipur,India",06-04-2021,41.1,23.1,32.4,27,0,2021-04-06T05:52:11,2021-04-06T18:19:53,clear-day,no,no
"Raipur,India",07-04-2021,41.6,25.2,32.5,32.2,0,2021-04-07T05:51:18,2021-04-07T18:20:12,clear-day,no,no
"Raipur,India",08-04-2021,40.1,23.9,32.4,30.4,0,2021-04-08T05:50:26,2021-04-08T18:20:31,partly-cloudy-day,no,no
"Raipur,India",09-04-2021,40.5,26.1,32,35.2,0,2021-04-09T05:49:34,2021-04-09T18:20:50,partly-cloudy-day,no,no
"Raipur,India",10-04-2021,39.9,25.9,31.8,35.8,0,2021-04-10T05:48:42,2021-04-10T18:21:09,clear-day,no,no
"Raipur,India",11-04-2021,39.5,25.1,31,40.4,0,2021-04-11T05:47:51,2021-04-11T18:21:29,partly-cloudy-day,no,no
"Raipur,India",12-04-2021,38,25.6,31.9,37.4,0,2021-04-12T05:47:00,2021-04-12T18:21:48,clear-day,no,yes
"Raipur,India",13-04-2021,40.1,25.1,32.3,32.4,0.2,2021-04-13T05:46:10,2021-04-13T18:22:08,rain,yes,no
"Raipur,India",14-04-2021,39.4,25.1,31.1,35.7,0,2021-04-14T05:45:20,2021-04-14T18:22:28,partly-cloudy-day,no,no
"Raipur,India",15-04-2021,39.4,23.1,29.8,40.2,0,2021-04-15T05:44:31,2021-04-15T18:22:48,partly-cloudy-day,no,yes
"Raipur,India",16-04-2021,38,24,31,40.6,0.2,2021-04-16T05:43:42,2021-04-16T18:23:09,rain,yes,yes
"Raipur,India",17-04-2021,39.9,25,31.6,41.9,1,2021-04-17T05:42:54,2021-04-17T18:23:29,rain,yes,yes
"Raipur,India",18-04-2021,41.3,25.4,32.9,36,0.8,2021-04-18T05:42:06,2021-04-18T18:23:50,rain,yes,no
"Raipur,India",19-04-2021,40.6,24.7,33.1,28.9,0,2021-04-19T05:41:19,2021-04-19T18:24:11,clear-day,no,yes
"Raipur,India",20-04-2021,40.9,24.9,30.8,45.5,4,2021-04-20T05:40:32,2021-04-20T18:24:32,rain,yes,yes
"Raipur,India",21-04-2021,37.1,24.1,31.2,57.8,2.1,2021-04-21T05:39:47,2021-04-21T18:24:53,rain,yes,no
"Raipur,India",22-04-2021,38.1,25.1,32.2,49.2,0,2021-04-22T05:39:01,2021-04-22T18:25:15,partly-cloudy-day,no,no
"Raipur,India",23-04-2021,38.3,25.6,31.7,39.6,0,2021-04-23T05:38:17,2021-04-23T18:25:36,partly-cloudy-day,no,no
"Raipur,India",24-04-2021,39.1,25,32.1,45.5,0,2021-04-24T05:37:33,2021-04-24T18:25:58,partly-cloudy-day,no,no
"Raipur,India",25-04-2021,41,26,33.6,31,0,2021-04-25T05:36:50,2021-04-25T18:26:20,clear-day,no,no
"Raipur,India",26-04-2021,38.8,25.2,32.1,26.2,0,2021-04-26T05:36:08,2021-04-26T18:26:43,partly-cloudy-day,no,no
"Raipur,India",27-04-2021,41.5,24.4,33,25.1,0,2021-04-27T05:35:26,2021-04-27T18:27:05,partly-cloudy-day,no,no
"Raipur,India",28-04-2021,41.1,24.7,33.4,22.9,0,2021-04-28T05:34:46,2021-04-28T18:27:28,clear-day,no,no
"Raipur,India",29-04-2021,42.4,25.9,34.2,21.4,0,2021-04-29T05:34:06,2021-04-29T18:27:51,partly-cloudy-day,no,no
"Raipur,India",30-04-2021,41.8,26.1,33.5,27.8,0,2021-04-30T05:33:26,2021-04-30T18:28:15,clear-day,no,yes
"Raipur,India",01-05-2021,39.8,26.1,32.6,37.9,0.1,2021-05-01T05:32:48,2021-05-01T18:28:38,rain,yes,yes
"Raipur,India",02-05-2021,37.1,26.7,31.2,43,3.1,2021-05-02T05:32:11,2021-05-02T18:29:02,rain,yes,yes
"Raipur,India",03-05-2021,38.6,26,31.3,39.5,0.1,2021-05-03T05:31:34,2021-05-03T18:29:26,rain,yes,yes
"Raipur,India",04-05-2021,39.3,26,31.8,41,0.2,2021-05-04T05:30:58,2021-05-04T18:29:50,rain,yes,yes
"Raipur,India",05-05-2021,38,26.1,31,47.6,0.1,2021-05-05T05:30:24,2021-05-05T18:30:14,rain,yes,yes
"Raipur,India",06-05-2021,38.9,26.1,32.1,43.3,0.2,2021-05-06T05:29:50,2021-05-06T18:30:39,rain,yes,yes
"Raipur,India",07-05-2021,38.5,26.1,31,50.7,0.4,2021-05-07T05:29:17,2021-05-07T18:31:03,rain,yes,yes
"Raipur,India",08-05-2021,37.1,25.1,31.1,53.2,0.1,2021-05-08T05:28:45,2021-05-08T18:31:28,rain,yes,yes
"Raipur,India",09-05-2021,36.5,22.2,28.3,68,49,2021-05-09T05:28:14,2021-05-09T18:31:53,rain,yes,yes
"Raipur,India",10-05-2021,34.1,22.1,27.7,72.4,65,2021-05-10T05:27:44,2021-05-10T18:32:18,rain,yes,yes
"Raipur,India",11-05-2021,35.4,21.1,27.8,76.4,7,2021-05-11T05:27:15,2021-05-11T18:32:43,rain,yes,no
"Raipur,India",12-05-2021,38.6,24.6,31.5,59.7,0,2021-05-12T05:26:47,2021-05-12T18:33:09,partly-cloudy-day,no,yes
"Raipur,India",13-05-2021,38.8,25.9,31.3,54.8,3,2021-05-13T05:26:20,2021-05-13T18:33:34,rain,yes,yes
"Raipur,India",14-05-2021,38.6,24.6,31.2,55.4,1.4,2021-05-14T05:25:54,2021-05-14T18:34:00,rain,yes,no
"Raipur,India",15-05-2021,38.4,25.9,31.6,56.4,0,2021-05-15T05:25:29,2021-05-15T18:34:26,partly-cloudy-day,no,no
"Raipur,India",16-05-2021,38.4,27.3,33.2,52,0,2021-05-16T05:25:05,2021-05-16T18:34:51,partly-cloudy-day,no,no
"Raipur,India",17-05-2021,38.7,27.2,32.9,55.4,0,2021-05-17T05:24:43,2021-05-17T18:35:17,partly-cloudy-day,no,no
"Raipur,India",18-05-2021,39.1,28.1,33.2,55.9,0,2021-05-18T05:24:21,2021-05-18T18:35:43,partly-cloudy-day,no,yes
"Raipur,India",19-05-2021,38.3,28.3,33.5,55.4,0.1,2021-05-19T05:24:00,2021-05-19T18:36:09,rain,yes,yes
"Raipur,India",20-05-2021,36.7,27.9,32,60.6,0.3,2021-05-20T05:23:41,2021-05-20T18:36:35,rain,yes,no
"Raipur,India",21-05-2021,38,27.4,32.5,49.3,0,2021-05-21T05:23:22,2021-05-21T18:37:01,partly-cloudy-day,no,yes
"Raipur,India",22-05-2021,39.1,24.5,32.5,43.4,1.2,2021-05-22T05:23:05,2021-05-22T18:37:27,rain,yes,yes
"Raipur,India",23-05-2021,39.4,25.4,33,44.1,0.1,2021-05-23T05:22:48,2021-05-23T18:37:52,rain,yes,no
"Raipur,India",24-05-2021,39.8,25.9,33.2,39.7,0,2021-05-24T05:22:33,2021-05-24T18:38:18,partly-cloudy-day,no,no
"Raipur,India",25-05-2021,38.1,25.2,32.3,33,0,2021-05-25T05:22:19,2021-05-25T18:38:44,partly-cloudy-day,no,no
"Raipur,India",26-05-2021,40.2,21.7,32,35,0,2021-05-26T05:22:06,2021-05-26T18:39:09,partly-cloudy-day,no,no
"Raipur,India",27-05-2021,39.1,25.6,33.1,44.3,0,2021-05-27T05:21:54,2021-05-27T18:39:34,partly-cloudy-day,no,no
"Raipur,India",28-05-2021,41.1,25.9,33.9,41.8,0,2021-05-28T05:21:43,2021-05-28T18:40:00,partly-cloudy-day,no,no
"Raipur,India",29-05-2021,42,28.8,35.9,41.2,0,2021-05-29T05:21:33,2021-05-29T18:40:25,partly-cloudy-day,no,yes
"Raipur,India",30-05-2021,41.6,29.1,34.3,45.9,0.7,2021-05-30T05:21:25,2021-05-30T18:40:49,rain,yes,yes
"Raipur,India",31-05-2021,41.5,29.1,34.8,47.7,0.8,2021-05-31T05:21:17,2021-05-31T18:41:14,rain,yes,no
"Raipur,India",01-06-2021,39.8,29.1,33.8,51.1,0,2021-06-01T05:21:11,2021-06-01T18:41:38,partly-cloudy-day,no,yes
"Raipur,India",02-06-2021,35.9,28.6,31.5,55.9,1.1,2021-06-02T05:21:05,2021-06-02T18:42:02,rain,yes,yes
"Raipur,India",03-06-2021,38.1,25.1,30.5,64.5,19,2021-06-03T05:21:01,2021-06-03T18:42:25,rain,yes,yes
"Raipur,India",04-06-2021,37.1,24.8,30,66.5,3.9,2021-06-04T05:20:58,2021-06-04T18:42:49,rain,yes,yes
"Raipur,India",05-06-2021,36.1,25.9,31.3,59.8,0.8,2021-06-05T05:20:55,2021-06-05T18:43:12,rain,yes,no
"Raipur,India",06-06-2021,38.1,26.4,32,57.8,0,2021-06-06T05:20:54,2021-06-06T18:43:34,partly-cloudy-day,no,no
"Raipur,India",07-06-2021,39.1,26.7,33.1,51.8,0,2021-06-07T05:20:54,2021-06-07T18:43:56,partly-cloudy-day,no,yes
"Raipur,India",08-06-2021,38.9,25.9,31.6,61.5,1,2021-06-08T05:20:55,2021-06-08T18:44:18,rain,yes,yes
"Raipur,India",09-06-2021,36.1,22.3,30.4,69.9,29,2021-06-09T05:20:57,2021-06-09T18:44:39,rain,yes,yes
"Raipur,India",10-06-2021,29.2,22.1,25.6,90.4,85.8,2021-06-10T05:21:00,2021-06-10T18:44:59,rain,yes,yes
"Raipur,India",11-06-2021,32.2,24.1,25.9,89.6,10,2021-06-11T05:21:03,2021-06-11T18:45:19,rain,yes,yes
"Raipur,India",12-06-2021,30.2,25.1,27,86.6,0.2,2021-06-12T05:21:08,2021-06-12T18:45:39,rain,yes,yes
"Raipur,India",13-06-2021,32.8,25,27,88.6,23,2021-06-13T05:21:14,2021-06-13T18:45:57,rain,yes,yes
"Raipur,India",14-06-2021,32.1,24.2,27.5,84.3,5,2021-06-14T05:21:21,2021-06-14T18:46:16,rain,yes,yes
"Raipur,India",15-06-2021,31.8,24.1,27.9,81.9,47.2,2021-06-15T05:21:28,2021-06-15T18:46:33,rain,yes,yes
"Raipur,India",16-06-2021,32.2,24.3,27.9,81.3,6.6,2021-06-16T05:21:37,2021-06-16T18:46:50,rain,yes,yes
"Raipur,India",17-06-2021,33.4,24.1,28,83.5,22.8,2021-06-17T05:21:46,2021-06-17T18:47:06,rain,yes,yes
"Raipur,India",18-06-2021,30.1,22.9,26.6,86,4,2021-06-18T05:21:56,2021-06-18T18:47:22,rain,yes,yes
"Raipur,India",19-06-2021,30.8,24,26.2,89.2,14,2021-06-19T05:22:07,2021-06-19T18:47:37,rain,yes,yes
"Raipur,India",20-06-2021,32.7,23.6,27.8,80.3,0.1,2021-06-20T05:22:19,2021-06-20T18:47:50,rain,yes,no
"Raipur,India",21-06-2021,34.6,23.8,29.1,73.4,0,2021-06-21T05:22:31,2021-06-21T18:48:04,partly-cloudy-day,no,yes
"Raipur,India",22-06-2021,34.1,24.2,27.6,82.2,7,2021-06-22T05:22:45,2021-06-22T18:48:16,rain,yes,yes
"Raipur,India",23-06-2021,31.2,24.5,25.9,93.6,16,2021-06-23T05:22:59,2021-06-23T18:48:27,rain,yes,yes
"Raipur,India",24-06-2021,29.9,24.1,26.2,90.1,0.3,2021-06-24T05:23:13,2021-06-24T18:48:38,rain,yes,yes
"Raipur,India",25-06-2021,29.5,23.2,26.1,88.2,1,2021-06-25T05:23:29,2021-06-25T18:48:48,rain,yes,yes
"Raipur,India",26-06-2021,32.4,24.3,27.4,85.4,10,2021-06-26T05:23:45,2021-06-26T18:48:56,rain,yes,yes
"Raipur,India",27-06-2021,33.3,24,28.7,82.9,0.1,2021-06-27T05:24:01,2021-06-27T18:49:04,rain,yes,yes
"Raipur,India",28-06-2021,33.3,25,29.1,80.7,0.9,2021-06-28T05:24:19,2021-06-28T18:49:11,rain,yes,no
"Raipur,India",29-06-2021,34.2,25,29.7,78.8,0,2021-06-29T05:24:37,2021-06-29T18:49:17,partly-cloudy-day,no,yes
"Raipur,India",30-06-2021,35.2,25,30.1,78.7,1.5,2021-06-30T05:24:55,2021-06-30T18:49:22,rain,yes,yes
"Raipur,India",01-07-2021,35.1,25.8,29.1,83,28,2021-07-01T05:25:14,2021-07-01T18:49:26,rain,yes,yes
"Raipur,India",02-07-2021,29.1,24.7,26.5,89.4,0.2,2021-07-02T05:25:34,2021-07-02T18:49:29,rain,yes,yes
"Raipur,India",03-07-2021,32.1,23.9,27.5,84.9,0.3,2021-07-03T05:25:53,2021-07-03T18:49:31,rain,yes,yes
"Raipur,India",04-07-2021,33.1,24.4,27.8,86.5,0.2,2021-07-04T05:26:14,2021-07-04T18:49:32,rain,yes,yes
"Raipur,India",05-07-2021,30.1,23.9,25.7,91.5,78.8,2021-07-05T05:26:35,2021-07-05T18:49:32,rain,yes,yes
"Raipur,India",06-07-2021,33.3,24.1,28.5,81.6,10.9,2021-07-06T05:26:56,2021-07-06T18:49:30,rain,yes,yes
"Raipur,India",07-07-2021,34.9,24.1,28.4,84.9,48,2021-07-07T05:27:17,2021-07-07T18:49:28,rain,yes,yes
"Raipur,India",08-07-2021,28.7,24.7,26.4,91.7,5,2021-07-08T05:27:39,2021-07-08T18:49:24,rain,yes,yes
"Raipur,India",09-07-2021,29.7,24.2,27,88.3,0.8,2021-07-09T05:28:01,2021-07-09T18:49:20,rain,yes,yes
"Raipur,India",10-07-2021,32.5,23.4,28.3,83,0.2,2021-07-10T05:28:24,2021-07-10T18:49:14,rain,yes,yes
"Raipur,India",11-07-2021,34.6,25.1,29.3,81,2,2021-07-11T05:28:46,2021-07-11T18:49:07,rain,yes,yes
"Raipur,India",12-07-2021,33,25.3,28.5,85.8,0.1,2021-07-12T05:29:09,2021-07-12T18:49:00,rain,yes,yes
"Raipur,India",13-07-2021,33.6,24.6,28.3,83.4,8,2021-07-13T05:29:32,2021-07-13T18:48:51,rain,yes,yes
"Raipur,India",14-07-2021,32,24.2,28.1,84.9,0.7,2021-07-14T05:29:56,2021-07-14T18:48:40,rain,yes,yes
"Raipur,India",15-07-2021,33.1,24.8,29.3,76.6,0.4,2021-07-15T05:30:19,2021-07-15T18:48:29,rain,yes,no
"Raipur,India",16-07-2021,34.3,24.9,29.9,73.6,0,2021-07-16T05:30:43,2021-07-16T18:48:17,partly-cloudy-day,no,no
"Raipur,India",17-07-2021,34.6,24.9,30.1,73.7,0,2021-07-17T05:31:06,2021-07-17T18:48:03,partly-cloudy-day,no,yes
"Raipur,India",18-07-2021,34.7,25.6,29.4,80.4,0.4,2021-07-18T05:31:30,2021-07-18T18:47:48,rain,yes,yes
"Raipur,India",19-07-2021,33.4,24.8,29.3,76.9,0.1,2021-07-19T05:31:54,2021-07-19T18:47:33,rain,yes,yes
"Raipur,India",20-07-2021,34.7,24.1,28,84.6,59,2021-07-20T05:32:18,2021-07-20T18:47:16,rain,yes,yes
"Raipur,India",21-07-2021,31.1,24.4,26.9,88.2,3.3,2021-07-21T05:32:42,2021-07-21T18:46:58,rain,yes,yes
"Raipur,India",22-07-2021,30.7,24.3,27,89.8,3.4,2021-07-22T05:33:06,2021-07-22T18:46:38,rain,yes,yes
"Raipur,India",23-07-2021,30.1,24.6,27,91.7,5,2021-07-23T05:33:29,2021-07-23T18:46:18,rain,yes,yes
"Raipur,India",24-07-2021,31.1,24.1,26.9,88.2,16,2021-07-24T05:33:53,2021-07-24T18:45:57,rain,yes,yes
"Raipur,India",25-07-2021,31.9,24.4,27.4,85,2.2,2021-07-25T05:34:17,2021-07-25T18:45:34,rain,yes,yes
"Raipur,India",26-07-2021,31.1,24.1,27.5,83.5,0.8,2021-07-26T05:34:41,2021-07-26T18:45:10,rain,yes,yes
"Raipur,India",27-07-2021,28.1,24.1,25.4,93.7,34.2,2021-07-27T05:35:04,2021-07-27T18:44:46,rain,yes,yes
"Raipur,India",28-07-2021,28.4,24,24.8,95.9,28,2021-07-28T05:35:27,2021-07-28T18:44:20,rain,yes,yes
"Raipur,India",29-07-2021,28.9,23.9,24.9,94.5,3,2021-07-29T05:35:51,2021-07-29T18:43:53,rain,yes,yes
"Raipur,India",30-07-2021,25.1,23.7,24.3,97.5,9,2021-07-30T05:36:14,2021-07-30T18:43:25,rain,yes,yes
"Raipur,India",31-07-2021,28.1,23.7,25.9,88.8,3.1,2021-07-31T05:36:37,2021-07-31T18:42:56,rain,yes,no
"Raipur,India",01-08-2021,29.1,23.9,25.8,88.1,0,2021-08-01T05:37:00,2021-08-01T18:42:26,partly-cloudy-day,no,yes
"Raipur,India",02-08-2021,29.5,23.7,26.3,86.3,0.5,2021-08-02T05:37:22,2021-08-02T18:41:55,rain,yes,yes
"Raipur,India",03-08-2021,30.4,24,26.8,85.3,0.2,2021-08-03T05:37:45,2021-08-03T18:41:22,rain,yes,yes
"Raipur,India",04-08-2021,32.1,24,27.8,84.2,5,2021-08-04T05:38:07,2021-08-04T18:40:49,rain,yes,yes
"Raipur,India",05-08-2021,30.1,24.2,26.7,89.6,8,2021-08-05T05:38:29,2021-08-05T18:40:15,rain,yes,yes
"Raipur,India",06-08-2021,32.1,23.9,27.6,84.4,0.4,2021-08-06T05:38:51,2021-08-06T18:39:40,rain,yes,yes
"Raipur,India",07-08-2021,33.1,23.5,27.9,82.6,0.3,2021-08-07T05:39:13,2021-08-07T18:39:04,rain,yes,yes
"Raipur,India",08-08-2021,32.1,23.4,28.3,83,0.2,2021-08-08T05:39:34,2021-08-08T18:38:27,rain,yes,yes
"Raipur,India",09-08-2021,34.1,24.2,28.8,81.8,0.6,2021-08-09T05:39:55,2021-08-09T18:37:49,rain,yes,yes
"Raipur,India",10-08-2021,33.1,25.1,28,85.1,0.5,2021-08-10T05:40:16,2021-08-10T18:37:10,rain,yes,yes
"Raipur,India",11-08-2021,32.2,24.1,27,87.3,50,2021-08-11T05:40:37,2021-08-11T18:36:31,rain,yes,yes
"Raipur,India",12-08-2021,33.1,24.4,28.6,82.9,0.4,2021-08-12T05:40:57,2021-08-12T18:35:50,rain,yes,
"Raipur,India",13-08-2021,34.1,24.2,28.8,80.5,0,2021-08-13T05:41:18,2021-08-13T18:35:09,partly-cloudy-day,no,yes
"Raipur,India",14-08-2021,32.1,23.1,28,82.5,6,2021-08-14T05:41:37,2021-08-14T18:34:26,rain,yes,yes
"Raipur,India",15-08-2021,32,23.9,28.3,81.4,3.9,2021-08-15T05:41:57,2021-08-15T18:33:43,rain,yes,yes
"Raipur,India",16-08-2021,33.1,24.6,27.5,87.6,11,2021-08-16T05:42:17,2021-08-16T18:32:59,rain,yes,yes
"Raipur,India",17-08-2021,31.1,25.1,27.7,90.2,0.2,2021-08-17T05:42:36,2021-08-17T18:32:15,rain,yes,yes
"Raipur,India",18-08-2021,29.6,23.6,26.7,90.2,3.3,2021-08-18T05:42:55,2021-08-18T18:31:29,rain,yes,yes
"Raipur,India",19-08-2021,31.1,23.6,27.5,87.1,3,2021-08-19T05:43:13,2021-08-19T18:30:43,rain,yes,yes
"Raipur,India",20-08-2021,30.3,24.2,27.1,88.2,3,2021-08-20T05:43:32,2021-08-20T18:29:56,rain,yes,yes
"Raipur,India",21-08-2021,33.1,24.1,27.9,82.3,14,2021-08-21T05:43:50,2021-08-21T18:29:09,rain,yes,yes
"Raipur,India",22-08-2021,31.1,22.7,27,85.6,3.3,2021-08-22T05:44:08,2021-08-22T18:28:21,rain,yes,yes
"Raipur,India",23-08-2021,33.1,23.7,28.5,81.5,1,2021-08-23T05:44:26,2021-08-23T18:27:32,rain,yes,yes
"Raipur,India",24-08-2021,32.1,24.1,28.2,83.2,11,2021-08-24T05:44:43,2021-08-24T18:26:42,rain,yes,yes
"Raipur,India",25-08-2021,33.1,24.5,29.1,78.2,1.7,2021-08-25T05:45:00,2021-08-25T18:25:52,rain,yes,yes
"Raipur,India",26-08-2021,34.1,24.2,29.2,77.2,0.1,2021-08-26T05:45:17,2021-08-26T18:25:01,rain,yes,yes
"Raipur,India",27-08-2021,33.1,23.8,28.3,81.6,0.5,2021-08-27T05:45:34,2021-08-27T18:24:10,rain,yes,yes
"Raipur,India",28-08-2021,31.6,23.7,28.2,83.2,0.1,2021-08-28T05:45:51,2021-08-28T18:23:18,rain,yes,yes
"Raipur,India",29-08-2021,32.1,24.3,28.1,85.3,3.1,2021-08-29T05:46:07,2021-08-29T18:22:26,rain,yes,yes
"Raipur,India",30-08-2021,32.1,24.1,28,83.2,0.6,2021-08-30T05:46:23,2021-08-30T18:21:33,rain,yes,yes
"Raipur,India",31-08-2021,31.1,24.4,27.5,85.4,14,2021-08-31T05:46:39,2021-08-31T18:20:40,rain,yes,yes
"Raipur,India",01-09-2021,33.1,23.8,28.6,80.7,4.1,2021-09-01T05:46:55,2021-09-01T18:19:46,rain,yes,yes
"Raipur,India",02-09-2021,33.1,24.2,28.6,78.3,0.1,2021-09-02T05:47:11,2021-09-02T18:18:52,rain,yes,yes
"Raipur,India",03-09-2021,32.7,24.5,28.7,77.9,2,2021-09-03T05:47:27,2021-09-03T18:17:58,rain,yes,yes
"Raipur,India",04-09-2021,33.1,23.6,28.1,80,2,2021-09-04T05:47:42,2021-09-04T18:17:03,rain,yes,yes
"Raipur,India",05-09-2021,31.9,24.2,28.4,80.9,3,2021-09-05T05:47:57,2021-09-05T18:16:08,rain,yes,yes
"Raipur,India",06-09-2021,32.1,24.1,27.3,87.7,34,2021-09-06T05:48:13,2021-09-06T18:15:12,rain,yes,yes
"Raipur,India",07-09-2021,28.9,24.9,26,93.9,32,2021-09-07T05:48:28,2021-09-07T18:14:16,rain,yes,yes
"Raipur,India",08-09-2021,31.8,23.5,27.4,82.4,0.2,2021-09-08T05:48:43,2021-09-08T18:13:20,rain,yes,yes
"Raipur,India",09-09-2021,31,24.5,27.2,85,16,2021-09-09T05:48:58,2021-09-09T18:12:24,rain,yes,yes
"Raipur,India",10-09-2021,31.1,24,26.5,90.4,38,2021-09-10T05:49:13,2021-09-10T18:11:27,rain,yes,yes
"Raipur,India",11-09-2021,31.1,23.5,26.5,89.7,31,2021-09-11T05:49:27,2021-09-11T18:10:30,rain,yes,yes
"Raipur,India",12-09-2021,30.1,23.5,26.4,88.5,3,2021-09-12T05:49:42,2021-09-12T18:09:33,rain,yes,yes
"Raipur,India",13-09-2021,30.1,24.1,26.2,93.2,84,2021-09-13T05:49:57,2021-09-13T18:08:36,rain,yes,yes
"Raipur,India",14-09-2021,28.1,24.5,25.8,95.8,33,2021-09-14T05:50:12,2021-09-14T18:07:39,rain,yes,yes
"Raipur,India",15-09-2021,31.1,24.5,27.6,84.4,9,2021-09-15T05:50:26,2021-09-15T18:06:41,rain,yes,yes
"Raipur,India",16-09-2021,28.1,24,25.7,92,25.8,2021-09-16T05:50:41,2021-09-16T18:05:44,rain,yes,yes
"Raipur,India",17-09-2021,28.1,23.1,25.6,88.6,9.2,2021-09-17T05:50:56,2021-09-17T18:04:46,rain,yes,yes
"Raipur,India",18-09-2021,31.8,22.8,26.7,86.5,0.1,2021-09-18T05:51:11,2021-09-18T18:03:49,rain,yes,yes
"Raipur,India",19-09-2021,29.6,22.5,26.4,89.6,0.6,2021-09-19T05:51:25,2021-09-19T18:02:51,rain,yes,yes
"Raipur,India",20-09-2021,29.6,22.8,26.6,87.3,0.1,2021-09-20T05:51:40,2021-09-20T18:01:53,rain,yes,yes
"Raipur,India",21-09-2021,31.1,23.4,27.3,85.4,2.6,2021-09-21T05:51:55,2021-09-21T18:00:56,rain,yes,yes
"Raipur,India",22-09-2021,29.1,23.1,25.9,91.2,6,2021-09-22T05:52:10,2021-09-22T17:59:58,rain,yes,yes
"Raipur,India",23-09-2021,33.6,23.8,27.6,85.9,0.5,2021-09-23T05:52:26,2021-09-23T17:59:01,rain,yes,yes
"Raipur,India",24-09-2021,31.6,24.4,27.7,85.1,2.5,2021-09-24T05:52:41,2021-09-24T17:58:04,rain,yes,yes
"Raipur,India",25-09-2021,32,24.1,27.1,87.7,1,2021-09-25T05:52:56,2021-09-25T17:57:07,rain,yes,yes
"Raipur,India",26-09-2021,32.1,24.6,28.1,83.3,1,2021-09-26T05:53:12,2021-09-26T17:56:10,rain,yes,yes
"Raipur,India",27-09-2021,29.9,24.1,26.2,88.7,0.9,2021-09-27T05:53:28,2021-09-27T17:55:13,rain,yes,yes
"Raipur,India",28-09-2021,31.9,23.5,26.9,86.4,3,2021-09-28T05:53:44,2021-09-28T17:54:16,rain,yes,yes
"Raipur,India",29-09-2021,31.1,23.4,27.2,85.4,1.7,2021-09-29T05:54:00,2021-09-29T17:53:20,rain,yes,yes
"Raipur,India",30-09-2021,30.3,23.7,26.6,89.5,45,2021-09-30T05:54:17,2021-09-30T17:52:24,rain,yes,yes
"Raipur,India",01-10-2021,31.8,23.1,27.6,85.4,4.9,2021-10-01T05:54:33,2021-10-01T17:51:28,rain,yes,yes
"Raipur,India",02-10-2021,32.1,24,27.5,83.2,0.8,2021-10-02T05:54:50,2021-10-02T17:50:33,rain,yes,yes
"Raipur,India",03-10-2021,33.8,23.6,28.7,79,0.3,2021-10-03T05:55:07,2021-10-03T17:49:38,rain,yes,no
"Raipur,India",04-10-2021,33.1,23.4,28.7,78.9,0,2021-10-04T05:55:25,2021-10-04T17:48:43,partly-cloudy-day,no,yes
"Raipur,India",05-10-2021,32.1,25.1,27.4,83.6,1.9,2021-10-05T05:55:42,2021-10-05T17:47:48,rain,yes,yes
"Raipur,India",06-10-2021,32.8,23.2,27.9,82.1,0.3,2021-10-06T05:56:00,2021-10-06T17:46:55,rain,yes,no
"Raipur,India",07-10-2021,31.6,23.5,28.1,81.7,0,2021-10-07T05:56:19,2021-10-07T17:46:01,partly-cloudy-day,no,yes
"Raipur,India",08-10-2021,32.2,24,27.4,81.3,1,2021-10-08T05:56:38,2021-10-08T17:45:08,rain,yes,yes
"Raipur,India",09-10-2021,32.9,23.7,28.1,77.2,0.4,2021-10-09T05:56:57,2021-10-09T17:44:16,rain,yes,no
"Raipur,India",10-10-2021,34.6,21.3,27.9,66.9,0,2021-10-10T05:57:16,2021-10-10T17:43:24,clear-day,no,no
"Raipur,India",11-10-2021,33.3,21.1,27.4,67.2,0,2021-10-11T05:57:36,2021-10-11T17:42:33,clear-day,no,no
"Raipur,India",12-10-2021,33.6,20.7,27.7,67.8,0,2021-10-12T05:57:56,2021-10-12T17:41:42,clear-day,no,no
"Raipur,India",13-10-2021,34,20.5,27.9,65.7,0,2021-10-13T05:58:17,2021-10-13T17:40:52,clear-day,no,no
"Raipur,India",14-10-2021,32.3,20.9,27.4,73.3,0,2021-10-14T05:58:38,2021-10-14T17:40:02,partly-cloudy-day,no,no
"Raipur,India",15-10-2021,33,22.6,28,78.1,0,2021-10-15T05:58:59,2021-10-15T17:39:13,partly-cloudy-day,no,no
"Raipur,India",16-10-2021,32.8,24,28.4,78.1,0,2021-10-16T05:59:21,2021-10-16T17:38:25,partly-cloudy-day,no,yes
"Raipur,India",17-10-2021,32.1,23.2,27.3,84.3,3,2021-10-17T05:59:43,2021-10-17T17:37:38,rain,yes,yes
"Raipur,India",18-10-2021,33.1,23.3,27.8,83,9,2021-10-18T06:00:06,2021-10-18T17:36:51,rain,yes,yes
"Raipur,India",19-10-2021,33.1,24.3,28,79.8,0.6,2021-10-19T06:00:29,2021-10-19T17:36:05,rain,yes,no
"Raipur,India",20-10-2021,33,20,27,72,0,2021-10-20T06:00:53,2021-10-20T17:35:20,partly-cloudy-day,no,no
"Raipur,India",21-10-2021,32.3,20.5,26.3,64.7,0,2021-10-21T06:01:17,2021-10-21T17:34:36,partly-cloudy-day,no,no
"Raipur,India",22-10-2021,34.1,16.1,25.3,59.8,0,2021-10-22T06:01:42,2021-10-22T17:33:52,clear-day,no,no
"Raipur,India",23-10-2021,33.1,18.1,25.5,59.9,0,2021-10-23T06:02:07,2021-10-23T17:33:10,clear-day,no,no
"Raipur,India",24-10-2021,31.6,18.4,25.2,66.4,0,2021-10-24T06:02:33,2021-10-24T17:32:28,partly-cloudy-day,no,no
"Raipur,India",25-10-2021,30.7,18.9,25.3,66.9,0,2021-10-25T06:02:59,2021-10-25T17:31:48,partly-cloudy-day,no,no
"Raipur,India",26-10-2021,30.4,17.1,24.8,64.1,0,2021-10-26T06:03:26,2021-10-26T17:31:08,clear-day,no,no
"Raipur,India",27-10-2021,31.1,17.9,24.9,66.7,0,2021-10-27T06:03:53,2021-10-27T17:30:29,clear-day,no,no
"Raipur,India",28-10-2021,30.1,17.2,24.3,68.7,0,2021-10-28T06:04:21,2021-10-28T17:29:51,partly-cloudy-day,no,no
"Raipur,India",29-10-2021,30.1,17.3,24.4,71,0,2021-10-29T06:04:49,2021-10-29T17:29:14,partly-cloudy-day,no,no
"Raipur,India",30-10-2021,31,17.2,25,69.1,0,2021-10-30T06:05:18,2021-10-30T17:28:39,partly-cloudy-day,no,no
"Raipur,India",31-10-2021,30.3,15.1,24.1,65,0,2021-10-31T06:05:47,2021-10-31T17:28:04,partly-cloudy-day,no,no
"Raipur,India",01-11-2021,30.3,15.7,24,65.5,0,2021-11-01T06:06:17,2021-11-01T17:27:30,clear-day,no,no
"Raipur,India",02-11-2021,30.1,17.3,24.9,72.5,0,2021-11-02T06:06:47,2021-11-02T17:26:58,partly-cloudy-day,no,yes
"Raipur,India",03-11-2021,30.1,20.5,25.5,77.2,0.2,2021-11-03T06:07:18,2021-11-03T17:26:27,rain,yes,no
"Raipur,India",04-11-2021,30.4,20,25.4,72.8,0,2021-11-04T06:07:50,2021-11-04T17:25:57,partly-cloudy-day,no,no
"Raipur,India",05-11-2021,29.1,19.7,24.7,68,0,2021-11-05T06:08:22,2021-11-05T17:25:28,clear-day,no,no
"Raipur,India",06-11-2021,30.1,18.2,23.5,60.3,0,2021-11-06T06:08:54,2021-11-06T17:25:00,clear-day,no,no
"Raipur,India",07-11-2021,30.3,16.7,23.3,53.3,0,2021-11-07T06:09:27,2021-11-07T17:24:33,clear-day,no,no
"Raipur,India",08-11-2021,29.3,14.1,22.4,56.6,0,2021-11-08T06:10:01,2021-11-08T17:24:08,clear-day,no,no
"Raipur,India",09-11-2021,30.1,13.7,22.5,55.6,0,2021-11-09T06:10:34,2021-11-09T17:23:44,clear-day,no,no
"Raipur,India",10-11-2021,29.3,12.4,21.7,58.9,0,2021-11-10T06:11:09,2021-11-10T17:23:21,clear-day,no,no
"Raipur,India",11-11-2021,30.1,13.1,22.8,64.4,0,2021-11-11T06:11:44,2021-11-11T17:22:59,partly-cloudy-day,no,no
"Raipur,India",12-11-2021,29.1,17.3,24.5,76,0,2021-11-12T06:12:19,2021-11-12T17:22:39,partly-cloudy-day,no,no
"Raipur,India",13-11-2021,27.6,20.7,24,92.1,0.4,2021-11-13T06:12:54,2021-11-13T17:22:20,rain,yes,yes
"Raipur,India",14-11-2021,28.1,21.6,24.5,89.6,0.1,2021-11-14T06:13:31,2021-11-14T17:22:02,rain,yes,no
"Raipur,India",15-11-2021,30.8,21.5,25.7,76.6,0,2021-11-15T06:14:07,2021-11-15T17:21:46,partly-cloudy-day,no,no
"Raipur,India",16-11-2021,30.1,19.4,24.7,74.7,0,2021-11-16T06:14:44,2021-11-16T17:21:31,partly-cloudy-day,no,no
"Raipur,India",17-11-2021,29.1,20.8,24.5,82.5,0,2021-11-17T06:15:21,2021-11-17T17:21:17,partly-cloudy-day,no,no
"Raipur,India",18-11-2021,30.7,20.1,24.3,76.1,0,2021-11-18T06:15:59,2021-11-18T17:21:05,partly-cloudy-day,no,no
"Raipur,India",19-11-2021,31.1,19.1,25.4,70.2,0,2021-11-19T06:16:36,2021-11-19T17:20:54,partly-cloudy-day,no,no
"Raipur,India",20-11-2021,33.3,20.3,26.6,73.1,0,2021-11-20T06:17:14,2021-11-20T17:20:44,partly-cloudy-day,no,yes
"Raipur,India",21-11-2021,33.1,20.8,27.3,73.4,18.5,2021-11-21T06:17:53,2021-11-21T17:20:36,rain,yes,yes
"Raipur,India",22-11-2021,26.1,21.1,23.8,90.7,33,2021-11-22T06:18:31,2021-11-22T17:20:29,rain,yes,yes
"Raipur,India",23-11-2021,30.3,20.2,25,80.8,0.4,2021-11-23T06:19:10,2021-11-23T17:20:24,rain,yes,no
"Raipur,India",24-11-2021,31.1,18.5,24.6,72.7,0,2021-11-24T06:19:49,2021-11-24T17:20:20,partly-cloudy-day,no,no
"Raipur,India",25-11-2021,30.1,17.7,24.2,70.5,0,2021-11-25T06:20:28,2021-11-25T17:20:17,clear-day,no,no
"Raipur,India",26-11-2021,30.1,17,23.3,64,0,2021-11-26T06:21:08,2021-11-26T17:20:16,clear-day,no,no
"Raipur,India",27-11-2021,29.1,14,22.1,53,0,2021-11-27T06:21:47,2021-11-27T17:20:16,clear-day,no,no
"Raipur,India",28-11-2021,29.1,12.3,21.5,50.4,0,2021-11-28T06:22:26,2021-11-28T17:20:17,partly-cloudy-day,no,no
"Raipur,India",29-11-2021,28.1,12.6,20.9,55,0,2021-11-29T06:23:06,2021-11-29T17:20:20,clear-day,no,no
"Raipur,India",30-11-2021,27.1,12.4,20.6,59.1,0,2021-11-30T06:23:45,2021-11-30T17:20:24,partly-cloudy-day,no,no
"Raipur,India",01-12-2021,27.1,13.8,20.6,65.9,0,2021-12-01T06:24:25,2021-12-01T17:20:30,clear-day,no,no
"Raipur,India",02-12-2021,28.1,12.2,20.2,67.1,0,2021-12-02T06:25:04,2021-12-02T17:20:36,clear-day,no,no
"Raipur,India",03-12-2021,28.1,12.8,21,68.2,0,2021-12-03T06:25:43,2021-12-03T17:20:45,partly-cloudy-day,no,no
"Raipur,India",04-12-2021,28.1,14,21.7,71.1,0,2021-12-04T06:26:22,2021-12-04T17:20:54,clear-day,no,no
"Raipur,India",05-12-2021,28.1,14.3,22.3,75.6,0,2021-12-05T06:27:01,2021-12-05T17:21:05,partly-cloudy-day,no,no
"Raipur,India",06-12-2021,28.1,16.4,23.4,78.5,0,2021-12-06T06:27:39,2021-12-06T17:21:17,partly-cloudy-day,no,no
"Raipur,India",07-12-2021,28.3,15.4,22.3,74.7,0,2021-12-07T06:28:18,2021-12-07T17:21:31,clear-day,no,no
"Raipur,India",08-12-2021,28.8,15.1,22.8,70.3,0,2021-12-08T06:28:56,2021-12-08T17:21:45,partly-cloudy-day,no,no
"Raipur,India",09-12-2021,28.1,15.3,23,73.7,0,2021-12-09T06:29:33,2021-12-09T17:22:01,partly-cloudy-day,no,no
"Raipur,India",10-12-2021,26.1,15.4,20.9,85.4,0,2021-12-10T06:30:11,2021-12-10T17:22:19,partly-cloudy-day,no,no
"Raipur,India",11-12-2021,28.4,14.8,21.7,65.9,0,2021-12-11T06:30:48,2021-12-11T17:22:37,clear-day,no,no
"Raipur,India",12-12-2021,28.1,11.8,20.8,58.9,0,2021-12-12T06:31:24,2021-12-12T17:22:57,clear-day,no,no
"Raipur,India",13-12-2021,27.1,12.7,20,63.1,0,2021-12-13T06:32:00,2021-12-13T17:23:17,partly-cloudy-day,no,no
"Raipur,India",14-12-2021,27.1,13.4,20.2,64.2,0,2021-12-14T06:32:36,2021-12-14T17:23:39,clear-day,no,no
"Raipur,India",15-12-2021,27.1,12.8,20.3,59.2,0,2021-12-15T06:33:10,2021-12-15T17:24:02,partly-cloudy-day,no,no
"Raipur,India",16-12-2021,27.1,14.4,20,60.9,0,2021-12-16T06:33:45,2021-12-16T17:24:26,partly-cloudy-day,no,no
"Raipur,India",17-12-2021,27.1,13.7,19.6,67.1,0,2021-12-17T06:34:18,2021-12-17T17:24:52,clear-day,no,no
"Raipur,India",18-12-2021,26.6,13.3,20.1,67.8,0,2021-12-18T06:34:51,2021-12-18T17:25:18,clear-day,no,no
"Raipur,India",19-12-2021,23.6,10.1,17.3,55,0,2021-12-19T06:35:23,2021-12-19T17:25:45,clear-day,no,no
"Raipur,India",20-12-2021,23.6,6.2,15.6,51.7,0,2021-12-20T06:35:55,2021-12-20T17:26:13,clear-day,no,no
"Raipur,India",21-12-2021,26.1,9.4,16.8,52.8,0,2021-12-21T06:36:26,2021-12-21T17:26:42,clear-day,no,no
"Raipur,India",22-12-2021,26.1,9.1,17.4,55.4,0,2021-12-22T06:36:55,2021-12-22T17:27:12,clear-day,no,no
"Raipur,India",23-12-2021,28.1,11.1,18.2,54.1,0,2021-12-23T06:37:24,2021-12-23T17:27:43,clear-day,no,no
"Raipur,India",24-12-2021,29.1,11.6,20,59.7,0,2021-12-24T06:37:53,2021-12-24T17:28:15,clear-day,no,no
"Raipur,India",25-12-2021,28.1,12.9,20.7,68.5,0,2021-12-25T06:38:20,2021-12-25T17:28:48,clear-day,no,no
"Raipur,India",26-12-2021,28.1,14.2,20.7,69.9,0,2021-12-26T06:38:46,2021-12-26T17:29:21,clear-day,no,no
"Raipur,India",27-12-2021,28.1,14.2,21.1,74.7,0,2021-12-27T06:39:11,2021-12-27T17:29:55,clear-day,no,yes
"Raipur,India",28-12-2021,28.1,14,21,81.1,47,2021-12-28T06:39:36,2021-12-28T17:30:30,rain,yes,yes
"Raipur,India",29-12-2021,18.8,16.6,17.4,98,49,2021-12-29T06:39:59,2021-12-29T17:31:05,rain,yes,yes
"Raipur,India",30-12-2021,20.1,14.9,17.7,94.4,3,2021-12-30T06:40:21,2021-12-30T17:31:41,rain,yes,no
"Raipur,India",31-12-2021,23.1,12,17.7,86.9,0,2021-12-31T06:40:42,2021-12-31T17:32:18,clear-day,no,no
"Raipur,India",01-01-2022,25.1,11.9,19,76.9,0,2022-01-01T06:41:02,2022-01-01T17:32:55,clear-day,no,no
"Raipur,India",02-01-2022,24.8,12.6,19,77.2,0,2022-01-02T06:41:21,2022-01-02T17:33:33,clear-day,no,no
"Raipur,India",03-01-2022,25.1,11.6,18.7,69.3,0,2022-01-03T06:41:38,2022-01-03T17:34:11,clear-day,no,no
"Raipur,India",04-01-2022,26.1,12.6,19.2,69.5,0,2022-01-04T06:41:55,2022-01-04T17:34:50,clear-day,no,no
"Raipur,India",05-01-2022,27.1,12.4,20,70.7,0,2022-01-05T06:42:10,2022-01-05T17:35:29,clear-day,no,no
"Raipur,India",06-01-2022,28.1,13.1,21,68.8,0,2022-01-06T06:42:24,2022-01-06T17:36:09,clear-day,no,no
"Raipur,India",07-01-2022,28.3,12.6,21.1,70.8,0,2022-01-07T06:42:37,2022-01-07T17:36:48,clear-day,no,no
"Raipur,India",08-01-2022,28.1,13,21.3,74,0,2022-01-08T06:42:48,2022-01-08T17:37:28,clear-day,no,yes
"Raipur,India",09-01-2022,28.1,14.7,21.4,76.5,0.1,2022-01-09T06:42:59,2022-01-09T17:38:09,rain,yes,yes
"Raipur,India",10-01-2022,23.1,16.8,19.8,92.4,3.2,2022-01-10T06:43:08,2022-01-10T17:38:49,rain,yes,yes
"Raipur,India",11-01-2022,19.3,17.1,18.8,93.5,12.8,2022-01-11T06:43:15,2022-01-11T17:39:30,rain,yes,yes
"Raipur,India",12-01-2022,21.1,16.6,18.8,91.4,1.6,2022-01-12T06:43:22,2022-01-12T17:40:11,rain,yes,no
"Raipur,India",13-01-2022,21.1,16.6,18.9,89.3,0,2022-01-13T06:43:27,2022-01-13T17:40:52,partly-cloudy-day,no,yes
"Raipur,India",14-01-2022,23.1,16.8,19.3,88.2,1.2,2022-01-14T06:43:31,2022-01-14T17:41:33,rain,yes,no
"Raipur,India",15-01-2022,23.1,15.5,19,85.5,0,2022-01-15T06:43:33,2022-01-15T17:42:14,partly-cloudy-day,no,no
"Raipur,India",16-01-2022,25.1,15.1,19.8,75.5,0,2022-01-16T06:43:34,2022-01-16T17:42:55,clear-day,no,no
"Raipur,India",17-01-2022,25.1,14.1,19.7,65.7,0,2022-01-17T06:43:34,2022-01-17T17:43:36,clear-day,no,no
"Raipur,India",18-01-2022,25.1,14.1,19.8,59.8,0,2022-01-18T06:43:32,2022-01-18T17:44:17,clear-day,no,no
"Raipur,India",19-01-2022,25.1,14.1,19.2,53.4,0,2022-01-19T06:43:29,2022-01-19T17:44:57,clear-day,no,no
"Raipur,India",20-01-2022,28.1,13.1,19.7,52.8,0,2022-01-20T06:43:25,2022-01-20T17:45:38,clear-day,no,no
"Raipur,India",21-01-2022,28.1,15.4,21.1,56.8,0,2022-01-21T06:43:20,2022-01-21T17:46:19,clear-day,no,no
"Raipur,India",22-01-2022,29.1,15.1,21.7,55.2,0,2022-01-22T06:43:13,2022-01-22T17:46:59,clear-day,no,yes
"Raipur,India",23-01-2022,26,18.1,21.5,67,2,2022-01-23T06:43:04,2022-01-23T17:47:39,rain,yes,no
"Raipur,India",24-01-2022,26.1,14.1,20.1,61.9,0,2022-01-24T06:42:55,2022-01-24T17:48:19,clear-day,no,no
"Raipur,India",25-01-2022,24.1,14.1,18.8,61.6,0,2022-01-25T06:42:44,2022-01-25T17:48:59,clear-day,no,no
"Raipur,India",26-01-2022,24.1,13.1,18,55.4,0,2022-01-26T06:42:31,2022-01-26T17:49:38,clear-day,no,no
"Raipur,India",27-01-2022,23.1,10.2,17,51.5,0,2022-01-27T06:42:18,2022-01-27T17:50:18,clear-day,no,no
"Raipur,India",28-01-2022,23.1,10.1,16.3,50.6,0,2022-01-28T06:42:03,2022-01-28T17:50:56,clear-day,no,no
"Raipur,India",29-01-2022,25.1,10.1,18,49.3,0,2022-01-29T06:41:47,2022-01-29T17:51:35,clear-day,no,no
"Raipur,India",30-01-2022,27.1,11.1,19.1,47.2,0,2022-01-30T06:41:29,2022-01-30T17:52:13,clear-day,no,no
"Raipur,India",31-01-2022,29.1,13.7,20.7,46.3,0,2022-01-31T06:41:10,2022-01-31T17:52:51,clear-day,no,no
"Raipur,India",01-02-2022,29.1,14.4,21.5,42.3,0,2022-02-01T06:40:50,2022-02-01T17:53:28,clear-day,no,no
"Raipur,India",02-02-2022,30.1,14.1,21.9,46.7,0,2022-02-02T06:40:29,2022-02-02T17:54:05,clear-day,no,no
"Raipur,India",03-02-2022,29.3,16.1,22.8,56.2,0,2022-02-03T06:40:07,2022-02-03T17:54:41,clear-day,no,yes
"Raipur,India",04-02-2022,28.1,18.3,22.6,55,0.9,2022-02-04T06:39:43,2022-02-04T17:55:18,rain,yes,no
"Raipur,India",05-02-2022,26.1,12.1,19.1,39.3,0,2022-02-05T06:39:18,2022-02-05T17:55:53,clear-day,no,no
"Raipur,India",06-02-2022,27.3,12.1,20,41.9,0,2022-02-06T06:38:52,2022-02-06T17:56:28,clear-day,no,no
"Raipur,India",07-02-2022,30.1,14.1,21.6,44.7,0,2022-02-07T06:38:25,2022-02-07T17:57:03,clear-day,no,no
"Raipur,India",08-02-2022,30.3,15.1,22.5,42.1,0,2022-02-08T06:37:56,2022-02-08T17:57:37,clear-day,no,no
"Raipur,India",09-02-2022,30.1,17.1,23.3,50.4,0,2022-02-09T06:37:27,2022-02-09T17:58:11,partly-cloudy-day,no,yes
"Raipur,India",10-02-2022,27.1,18.1,21.9,73.8,7,2022-02-10T06:36:56,2022-02-10T17:58:44,rain,yes,no
"Raipur,India",11-02-2022,25.1,14.1,19.2,54.5,0,2022-02-11T06:36:25,2022-02-11T17:59:17,clear-day,no,no
"Raipur,India",12-02-2022,27.1,13.7,19.6,48.8,0,2022-02-12T06:35:52,2022-02-12T17:59:50,clear-day,no,no
"Raipur,India",13-02-2022,28.1,12.1,20.2,43.2,0,2022-02-13T06:35:18,2022-02-13T18:00:21,clear-day,no,no
"Raipur,India",14-02-2022,29.1,14.1,21.4,46.7,0,2022-02-14T06:34:43,2022-02-14T18:00:53,clear-day,no,no
"Raipur,India",15-02-2022,29.1,15.1,22.6,47.6,0,2022-02-15T06:34:07,2022-02-15T18:01:24,clear-day,no,no
"Raipur,India",16-02-2022,29.3,16.1,23.3,52.4,0,2022-02-16T06:33:30,2022-02-16T18:01:54,clear-day,no,no
"Raipur,India",17-02-2022,26.1,19.3,22.2,58.8,0,2022-02-17T06:32:53,2022-02-17T18:02:24,partly-cloudy-day,no,no
"Raipur,India",18-02-2022,29.1,17.7,22.9,55.6,0,2022-02-18T06:32:14,2022-02-18T18:02:53,partly-cloudy-day,no,no
"Raipur,India",19-02-2022,30.3,19.1,24.2,52,0,2022-02-19T06:31:34,2022-02-19T18:03:22,partly-cloudy-day,no,no
"Raipur,India",20-02-2022,31.1,19.1,24.7,56,0,2022-02-20T06:30:54,2022-02-20T18:03:51,partly-cloudy-day,no,no
"Raipur,India",21-02-2022,31.1,16.1,23.4,42.3,0,2022-02-21T06:30:13,2022-02-21T18:04:18,clear-day,no,no
"Raipur,India",22-02-2022,31.6,15.1,23.6,40.9,0,2022-02-22T06:29:30,2022-02-22T18:04:46,clear-day,no,no
"Raipur,India",23-02-2022,33.1,16.1,25.1,38.2,0,2022-02-23T06:28:47,2022-02-23T18:05:13,clear-day,no,no
"Raipur,India",24-02-2022,33.1,18.1,26,48.2,0,2022-02-24T06:28:04,2022-02-24T18:05:40,clear-day,no,no
"Raipur,India",25-02-2022,33.1,21.1,26.4,49.1,0,2022-02-25T06:27:19,2022-02-25T18:06:06,clear-day,no,no
"Raipur,India",26-02-2022,34.1,19.1,26.3,47.4,0,2022-02-26T06:26:34,2022-02-26T18:06:31,partly-cloudy-day,no,no
"Raipur,India",27-02-2022,32.1,21.1,26.1,55.7,0,2022-02-27T06:25:48,2022-02-27T18:06:57,clear-day,no,yes
"Raipur,India",28-02-2022,33.1,19.1,26.4,50.2,0.1,2022-02-28T06:25:01,2022-02-28T18:07:21,rain,yes,no
"Raipur,India",01-03-2022,33.1,20.1,26.7,47.9,0,2022-03-01T06:24:14,2022-03-01T18:07:46,clear-day,no,no
"Raipur,India",02-03-2022,33.3,20.1,26.6,50.6,0,2022-03-02T06:23:26,2022-03-02T18:08:10,clear-day,no,no
"Raipur,India",03-03-2022,33.1,21.1,26.5,47,0,2022-03-03T06:22:38,2022-03-03T18:08:34,partly-cloudy-day,no,no
"Raipur,India",04-03-2022,34,21.1,27.4,40.1,0,2022-03-04T06:21:49,2022-03-04T18:08:57,partly-cloudy-day,no,no
"Raipur,India",05-03-2022,33.3,20.1,27.1,44.5,0,2022-03-05T06:20:59,2022-03-05T18:09:20,partly-cloudy-day,no,no
"Raipur,India",06-03-2022,33.1,21.1,26.4,36.3,0,2022-03-06T06:20:09,2022-03-06T18:09:43,clear-day,no,no
"Raipur,India",07-03-2022,33.1,20.1,26.4,38.4,0,2022-03-07T06:19:18,2022-03-07T18:10:05,clear-day,no,no
"Raipur,India",08-03-2022,34.1,19.1,26.9,33.5,0,2022-03-08T06:18:27,2022-03-08T18:10:27,clear-day,no,no
"Raipur,India",09-03-2022,33.3,20.1,27,34.4,0,2022-03-09T06:17:36,2022-03-09T18:10:48,clear-day,no,no
"Raipur,India",10-03-2022,34.1,20.1,27.7,37.9,0,2022-03-10T06:16:44,2022-03-10T18:11:10,clear-day,no,no
"Raipur,India",11-03-2022,34.9,21.1,28.1,39.6,0,2022-03-11T06:15:52,2022-03-11T18:11:31,clear-day,no,no
"Raipur,India",12-03-2022,34.1,22.1,27.7,38.5,0,2022-03-12T06:14:59,2022-03-12T18:11:52,clear-day,no,no
"Raipur,India",13-03-2022,35.1,21.1,27.9,33.5,0,2022-03-13T06:14:06,2022-03-13T18:12:12,clear-day,no,no
"Raipur,India",14-03-2022,36.1,20.1,28.4,33,0,2022-03-14T06:13:13,2022-03-14T18:12:32,clear-day,no,no
"Raipur,India",15-03-2022,38,21.1,29.7,35.3,0,2022-03-15T06:12:19,2022-03-15T18:12:53,clear-day,no,no
"Raipur,India",16-03-2022,39.1,22.1,30.8,36.3,0,2022-03-16T06:11:25,2022-03-16T18:13:12,clear-day,no,no
"Raipur,India",17-03-2022,38.9,23.1,31.2,34.2,0,2022-03-17T06:10:31,2022-03-17T18:13:32,clear-day,no,no
"Raipur,India",18-03-2022,38,24.9,31,39.2,0,2022-03-18T06:09:37,2022-03-18T18:13:52,clear-day,no,no
"Raipur,India",19-03-2022,37.1,24.1,30.4,44.7,0,2022-03-19T06:08:43,2022-03-19T18:14:11,clear-day,no,no
"Raipur,India",20-03-2022,36.6,25.1,30.4,46,0,2022-03-20T06:07:48,2022-03-20T18:14:30,partly-cloudy-day,no,no
"Raipur,India",21-03-2022,38,26.1,31.4,41.1,0,2022-03-21T06:06:53,2022-03-21T18:14:49,partly-cloudy-day,no,no
"Raipur,India",22-03-2022,38.8,25.1,31.3,36.3,0,2022-03-22T06:05:59,2022-03-22T18:15:08,clear-day,no,no
"Raipur,India",23-03-2022,38.3,23.1,31.3,27.3,0,2022-03-23T06:05:04,2022-03-23T18:15:27,clear-day,no,no
"Raipur,India",24-03-2022,38.1,23.9,31.1,26.8,0,2022-03-24T06:04:09,2022-03-24T18:15:46,partly-cloudy-day,no,no
"Raipur,India",25-03-2022,37.1,25.1,31.1,42.7,0,2022-03-25T06:03:14,2022-03-25T18:16:05,partly-cloudy-day,no,no
"Raipur,India",26-03-2022,37.1,28,31.5,42.9,0,2022-03-26T06:02:19,2022-03-26T18:16:23,partly-cloudy-day,no,no
"Raipur,India",27-03-2022,38.1,23.1,31.5,29.7,0,2022-03-27T06:01:25,2022-03-27T18:16:42,clear-day,no,no
"Raipur,India",28-03-2022,39.1,23.1,31.2,24,0,2022-03-28T06:00:30,2022-03-28T18:17:01,clear-day,no,no
"Raipur,India",29-03-2022,40.1,23.1,31.8,25.2,0,2022-03-29T05:59:35,2022-03-29T18:17:19,clear-day,no,no
"Raipur,India",30-03-2022,41.1,24.1,32.5,24.1,0,2022-03-30T05:58:41,2022-03-30T18:17:38,clear-day,no,no
"Raipur,India",31-03-2022,41.1,23.1,32.6,25.7,0,2022-03-31T05:57:46,2022-03-31T18:17:56,clear-day,no,no
"Raipur,India",01-04-2022,41.1,24.8,32.7,29,0,2022-04-01T05:56:52,2022-04-01T18:18:15,clear-day,no,no
"Raipur,India",02-04-2022,39.1,26.1,32.6,38.1,0,2022-04-02T05:55:58,2022-04-02T18:18:33,clear-day,no,no
"Raipur,India",03-04-2022,40.1,26.1,32.8,33.7,0,2022-04-03T05:55:04,2022-04-03T18:18:52,clear-day,no,no
"Raipur,India",04-04-2022,41.1,26.1,33.4,34.2,0,2022-04-04T05:54:10,2022-04-04T18:19:11,clear-day,no,no
"Raipur,India",05-04-2022,38,27.1,32.6,41.8,0,2022-04-05T05:53:17,2022-04-05T18:19:30,clear-day,no,no
"Raipur,India",06-04-2022,40.1,27.1,33.1,38.9,0,2022-04-06T05:52:24,2022-04-06T18:19:49,clear-day,no,no
"Raipur,India",07-04-2022,38.3,26.1,32.9,38.5,0,2022-04-07T05:51:31,2022-04-07T18:20:08,clear-day,no,no
"Raipur,India",08-04-2022,39.6,28.1,33.3,39.3,0,2022-04-08T05:50:39,2022-04-08T18:20:27,clear-day,no,no
"Raipur,India",09-04-2022,39.1,27.1,32.9,41.4,0,2022-04-09T05:49:47,2022-04-09T18:20:46,clear-day,no,no
"Raipur,India",10-04-2022,40.1,27.1,33.6,39.1,0,2022-04-10T05:48:55,2022-04-10T18:21:05,partly-cloudy-day,no,no
"Raipur,India",11-04-2022,40.1,27.1,33.7,39.4,0,2022-04-11T05:48:04,2022-04-11T18:21:25,partly-cloudy-day,no,no
"Raipur,India",12-04-2022,39.1,27.1,33.7,40.4,0,2022-04-12T05:47:13,2022-04-12T18:21:44,partly-cloudy-day,no,no
"Raipur,India",13-04-2022,40.1,27.1,33.7,43.3,0,2022-04-13T05:46:22,2022-04-13T18:22:04,partly-cloudy-day,no,no
"Raipur,India",14-04-2022,39.1,28.1,33.4,43.2,0,2022-04-14T05:45:32,2022-04-14T18:22:24,partly-cloudy-day,no,no
"Raipur,India",15-04-2022,40.1,27.1,34.1,38.9,0,2022-04-15T05:44:43,2022-04-15T18:22:44,partly-cloudy-day,no,no
"Raipur,India",16-04-2022,41.1,27.1,33.9,35.7,0,2022-04-16T05:43:54,2022-04-16T18:23:04,partly-cloudy-day,no,no
"Raipur,India",17-04-2022,41.1,27.1,34.1,35.6,0,2022-04-17T05:43:06,2022-04-17T18:23:25,clear-day,no,no
"Raipur,India",18-04-2022,41.1,27.1,33.8,40.5,0,2022-04-18T05:42:18,2022-04-18T18:23:45,clear-day,no,no
"Raipur,India",19-04-2022,42,28.1,34.9,37.3,0,2022-04-19T05:41:31,2022-04-19T18:24:06,clear-day,no,no
"Raipur,India",20-04-2022,43.1,29.1,35.7,33,0,2022-04-20T05:40:44,2022-04-20T18:24:27,clear-day,no,yes
"Raipur,India",21-04-2022,40.4,27.6,34.4,37.8,2,2022-04-21T05:39:58,2022-04-21T18:24:49,rain,yes,yes
"Raipur,India",22-04-2022,36.1,22.7,30.1,60,8,2022-04-22T05:39:13,2022-04-22T18:25:10,rain,yes,yes
"Raipur,India",23-04-2022,38.1,26.1,31.9,53.5,1,2022-04-23T05:38:28,2022-04-23T18:25:32,rain,yes,no
"Raipur,India",24-04-2022,41.1,27.1,33.8,45.9,0,2022-04-24T05:37:44,2022-04-24T18:25:54,partly-cloudy-day,no,no
"Raipur,India",25-04-2022,42.1,26.3,34.7,31.6,0,2022-04-25T05:37:01,2022-04-25T18:26:16,clear-day,no,no
"Raipur,India",26-04-2022,42.1,27.1,34.6,31.7,0,2022-04-26T05:36:19,2022-04-26T18:26:38,clear-day,no,no
"Raipur,India",27-04-2022,43.1,27.9,35.5,23.5,0,2022-04-27T05:35:37,2022-04-27T18:27:01,clear-day,no,no
"Raipur,India",28-04-2022,43.3,26.9,35.6,25.9,0,2022-04-28T05:34:56,2022-04-28T18:27:23,clear-day,no,no
"Raipur,India",29-04-2022,42.1,27.1,35.3,29,0,2022-04-29T05:34:16,2022-04-29T18:27:46,clear-day,no,no
"Raipur,India",30-04-2022,44.1,30.1,36.5,25.9,0,2022-04-30T05:33:36,2022-04-30T18:28:10,partly-cloudy-day,no,no
"Raipur,India",01-05-2022,43.1,31.1,36.7,24.5,0,2022-05-01T05:32:58,2022-05-01T18:28:33,partly-cloudy-day,no,yes
"Raipur,India",02-05-2022,41.1,28.1,33.5,41.7,12,2022-05-02T05:32:20,2022-05-02T18:28:57,rain,yes,no
"Raipur,India",03-05-2022,40.4,27,33.9,46.3,0,2022-05-03T05:31:43,2022-05-03T18:29:21,clear-day,no,yes
"Raipur,India",04-05-2022,39.1,27.1,33.5,46,2,2022-05-04T05:31:08,2022-05-04T18:29:45,rain,yes,no
"Raipur,India",05-05-2022,41.1,28.1,34.7,34.2,0,2022-05-05T05:30:33,2022-05-05T18:30:09,clear-day,no,no
"Raipur,India",06-05-2022,40.1,28.1,33.8,34.7,0,2022-05-06T05:29:59,2022-05-06T18:30:33,partly-cloudy-day,no,no
"Raipur,India",07-05-2022,40.8,27.8,34.1,33.6,0,2022-05-07T05:29:25,2022-05-07T18:30:58,partly-cloudy-day,no,no
"Raipur,India",08-05-2022,41.6,29.6,35.3,27,0,2022-05-08T05:28:53,2022-05-08T18:31:23,clear-day,no,no
"Raipur,India",09-05-2022,40.1,29,34.5,35.3,0,2022-05-09T05:28:22,2022-05-09T18:31:48,clear-day,no,no
"Raipur,India",10-05-2022,38,29,33.2,49,0,2022-05-10T05:27:52,2022-05-10T18:32:13,partly-cloudy-day,no,no
"Raipur,India",11-05-2022,37.1,28.1,32.4,56.4,0,2022-05-11T05:27:23,2022-05-11T18:32:38,partly-cloudy-day,no,no
"Raipur,India",12-05-2022,40.1,29,34.2,50,0,2022-05-12T05:26:54,2022-05-12T18:33:03,partly-cloudy-day,no,no
"Raipur,India",13-05-2022,40.1,30.9,34.8,50.3,0,2022-05-13T05:26:27,2022-05-13T18:33:29,partly-cloudy-day,no,no
"Raipur,India",14-05-2022,43.4,30.4,36.6,43.1,0,2022-05-14T05:26:01,2022-05-14T18:33:54,partly-cloudy-day,no,yes
"Raipur,India",15-05-2022,43.1,27.1,35.2,48.4,7,2022-05-15T05:25:36,2022-05-15T18:34:20,rain,yes,no
"Raipur,India",16-05-2022,38,27.4,32.5,54.7,0,2022-05-16T05:25:12,2022-05-16T18:34:46,partly-cloudy-day,no,no
"Raipur,India",17-05-2022,41.1,28.1,35.1,48.6,0,2022-05-17T05:24:49,2022-05-17T18:35:12,partly-cloudy-day,no,no
"Raipur,India",18-05-2022,40.1,25.1,33.4,53.2,0,2022-05-18T05:24:27,2022-05-18T18:35:38,partly-cloudy-day,no,yes
"Raipur,India",19-05-2022,39.9,27.1,32.5,54.5,0.2,2022-05-19T05:24:06,2022-05-19T18:36:03,rain,yes,no
"Raipur,India",20-05-2022,40.1,27.9,34.5,54.1,0,2022-05-20T05:23:46,2022-05-20T18:36:29,clear-day,no,yes
"Raipur,India",21-05-2022,43.1,29.1,35.2,43.2,3,2022-05-21T05:23:27,2022-05-21T18:36:55,rain,yes,yes
"Raipur,India",22-05-2022,41.1,30.1,35,37,0.1,2022-05-22T05:23:09,2022-05-22T18:37:21,rain,yes,no
"Raipur,India",23-05-2022,41.1,28,34.5,39.9,0,2022-05-23T05:22:53,2022-05-23T18:37:47,clear-day,no,no
"Raipur,India",24-05-2022,37.1,26.1,31.5,49.8,0,2022-05-24T05:22:37,2022-05-24T18:38:13,partly-cloudy-day,no,no
"Raipur,India",25-05-2022,39.7,26.7,33.7,37.9,0,2022-05-25T05:22:23,2022-05-25T18:38:38,clear-day,no,yes
"Raipur,India",26-05-2022,39.1,26.1,30.5,50.9,11,2022-05-26T05:22:10,2022-05-26T18:39:04,rain,yes,no
"Raipur,India",27-05-2022,39.1,25.9,33.1,44.8,0,2022-05-27T05:21:57,2022-05-27T18:39:29,partly-cloudy-day,no,no
"Raipur,India",28-05-2022,41.1,28,34.4,37.8,0,2022-05-28T05:21:46,2022-05-28T18:39:54,partly-cloudy-day,no,no
"Raipur,India",29-05-2022,42,28.2,36,33.6,0,2022-05-29T05:21:36,2022-05-29T18:40:19,partly-cloudy-day,no,no
"Raipur,India",30-05-2022,40.6,29.9,33.8,43.2,0,2022-05-30T05:21:27,2022-05-30T18:40:44,partly-cloudy-day,no,yes
"Raipur,India",31-05-2022,42.1,28.4,34.4,44.7,6,2022-05-31T05:21:20,2022-05-31T18:41:09,rain,yes,no
"Raipur,India",01-06-2022,43.1,28.3,35.8,33.6,0,2022-06-01T05:21:13,2022-06-01T18:41:33,partly-cloudy-day,no,no
"Raipur,India",02-06-2022,44.1,29.1,37.1,29.4,0,2022-06-02T05:21:07,2022-06-02T18:41:57,partly-cloudy-day,no,no
"Raipur,India",03-06-2022,44.1,30.1,37.9,29.2,0,2022-06-03T05:21:03,2022-06-03T18:42:21,partly-cloudy-day,no,no
"Raipur,India",04-06-2022,44.4,30.4,38.1,30.7,0,2022-06-04T05:20:59,2022-06-04T18:42:44,partly-cloudy-day,no,no
"Raipur,India",05-06-2022,44.2,31,38.1,30.3,0,2022-06-05T05:20:56,2022-06-05T18:43:07,partly-cloudy-day,no,no
"Raipur,India",06-06-2022,43.1,30.3,36.7,33.9,0,2022-06-06T05:20:55,2022-06-06T18:43:29,partly-cloudy-day,no,no
"Raipur,India",07-06-2022,44.1,29.9,37.5,30.1,0,2022-06-07T05:20:55,2022-06-07T18:43:51,partly-cloudy-day,no,no
"Raipur,India",08-06-2022,44.1,31,37.8,24.2,0,2022-06-08T05:20:55,2022-06-08T18:44:13,partly-cloudy-day,no,yes
"Raipur,India",09-06-2022,44.1,31.1,38.5,25.2,0.1,2022-06-09T05:20:57,2022-06-09T18:44:34,rain,yes,no
"Raipur,India",10-06-2022,41.1,33,36.5,34.1,0,2022-06-10T05:20:59,2022-06-10T18:44:55,partly-cloudy-day,no,yes
"Raipur,India",11-06-2022,40.1,25.1,33.7,48.7,0.2,2022-06-11T05:21:03,2022-06-11T18:45:15,rain,yes,yes
"Raipur,India",12-06-2022,36.1,26.1,31.4,61.3,1.8,2022-06-12T05:21:08,2022-06-12T18:45:35,rain,yes,yes
"Raipur,India",13-06-2022,38.1,28.3,33.7,52.9,4.4,2022-06-13T05:21:13,2022-06-13T18:45:54,rain,yes,yes
"Raipur,India",14-06-2022,40.1,29.8,34.5,52.7,2.6,2022-06-14T05:21:19,2022-06-14T18:46:12,rain,yes,yes
"Raipur,India",15-06-2022,39.1,27.1,31.7,62.7,10.2,2022-06-15T05:21:27,2022-06-15T18:46:30,rain,yes,yes
"Raipur,India",16-06-2022,35.4,26,30.1,69.6,8.3,2022-06-16T05:21:35,2022-06-16T18:46:47,rain,yes,yes
"Raipur,India",17-06-2022,36.1,27.1,30.9,70.4,0.8,2022-06-17T05:21:44,2022-06-17T18:47:03,rain,yes,yes
"Raipur,India",18-06-2022,35.1,25.1,29,76.1,0.4,2022-06-18T05:21:54,2022-06-18T18:47:19,rain,yes,yes
"Raipur,India",19-06-2022,32.1,24.1,26.9,86.2,12,2022-06-19T05:22:05,2022-06-19T18:47:34,rain,yes,yes
"Raipur,India",20-06-2022,29,24.1,26.6,88.3,1,2022-06-20T05:22:16,2022-06-20T18:47:48,rain,yes,yes
"Raipur,India",21-06-2022,31.1,23.1,27.9,81.6,2.3,2022-06-21T05:22:29,2022-06-21T18:48:01,rain,yes,yes
"Raipur,India",22-06-2022,35.1,26.1,29,77.3,2,2022-06-22T05:22:42,2022-06-22T18:48:14,rain,yes,yes
"Raipur,India",23-06-2022,30.6,25.1,27.8,81.9,1.3,2022-06-23T05:22:56,2022-06-23T18:48:25,rain,yes,yes
"Raipur,India",24-06-2022,34.1,25.1,29.2,75.6,6,2022-06-24T05:23:10,2022-06-24T18:48:36,rain,yes,yes
"Raipur,India",25-06-2022,31.6,24.9,28.1,81,6,2022-06-25T05:23:26,2022-06-25T18:48:46,rain,yes,yes
"Raipur,India",26-06-2022,32.8,26.1,28.9,78.1,5.4,2022-06-26T05:23:42,2022-06-26T18:48:55,rain,yes,yes
"Raipur,India",27-06-2022,34.4,26.1,30.3,72,2.4,2022-06-27T05:23:58,2022-06-27T18:49:03,rain,yes,no
"Raipur,India",28-06-2022,35.6,26.6,30.9,71.9,0,2022-06-28T05:24:15,2022-06-28T18:49:10,partly-cloudy-day,no,yes
"Raipur,India",29-06-2022,36.4,28.6,32.1,55.6,0.4,2022-06-29T05:24:33,2022-06-29T18:49:17,rain,yes,yes
"Raipur,India",30-06-2022,33.1,26.5,30.1,63.7,4.1,2022-06-30T05:24:51,2022-06-30T18:49:22,rain,yes,yes
"Raipur,India",01-07-2022,35.2,27.9,30.7,61.9,2.7,2022-07-01T05:25:10,2022-07-01T18:49:26,rain,yes,yes
"Raipur,India",02-07-2022,35.7,27.7,31.7,57.9,1.6,2022-07-02T05:25:29,2022-07-02T18:49:29,rain,yes,yes
"Raipur,India",03-07-2022,30.8,25.2,27.3,78.8,38.9,2022-07-03T05:25:49,2022-07-03T18:49:31,rain,yes,yes
"Raipur,India",04-07-2022,30.1,24.8,27.3,78.5,7.2,2022-07-04T05:26:10,2022-07-04T18:49:32,rain,yes,yes
"Raipur,India",05-07-2022,34,25.3,29.5,70.8,8,2022-07-05T05:26:30,2022-07-05T18:49:32,rain,yes,yes
"Raipur,India",06-07-2022,33,26,29.8,70.2,17,2022-07-06T05:26:51,2022-07-06T18:49:31,rain,yes,yes
"Raipur,India",07-07-2022,31.8,25.9,28.3,78.1,25.2,2022-07-07T05:27:13,2022-07-07T18:49:29,rain,yes,yes
"Raipur,India",08-07-2022,26.9,24.5,25.6,87,18.9,2022-07-08T05:27:34,2022-07-08T18:49:26,rain,yes,yes
"Raipur,India",09-07-2022,29.7,24.4,26.9,77,0.4,2022-07-09T05:27:57,2022-07-09T18:49:22,rain,yes,yes
"Raipur,India",10-07-2022,32.4,25.5,28.9,68.1,1.5,2022-07-10T05:28:19,2022-07-10T18:49:17,rain,yes,yes
"Raipur,India",11-07-2022,34.1,27,30,66.5,9,2022-07-11T05:28:42,2022-07-11T18:49:10,rain,yes,yes
"Raipur,India",12-07-2022,27.5,24.5,25.6,88.4,52.8,2022-07-12T05:29:04,2022-07-12T18:49:02,rain,yes,yes
"Raipur,India",13-07-2022,25.1,24,24.6,87.9,5.4,2022-07-13T05:29:28,2022-07-13T18:48:54,rain,yes,yes
"Raipur,India",14-07-2022,24.1,23.4,23.8,90.4,11.1,2022-07-14T05:29:51,2022-07-14T18:48:44,rain,yes,yes
"Raipur,India",15-07-2022,24.5,23.6,23.9,93.3,41.2,2022-07-15T05:30:14,2022-07-15T18:48:33,rain,yes,yes
"Raipur,India",16-07-2022,29.4,24.7,26.9,85.9,15.1,2022-07-16T05:30:38,2022-07-16T18:48:21,partly-cloudy-day,yes,yes
"Raipur,India",17-07-2022,30.8,25.1,27.6,83.5,14.3,2022-07-17T05:31:01,2022-07-17T18:48:07,partly-cloudy-day,yes,yes
"Raipur,India",18-07-2022,30.6,25.2,27.7,83.2,10.6,2022-07-18T05:31:25,2022-07-18T18:47:53,partly-cloudy-day,yes,yes
"Raipur,India",19-07-2022,30.6,25.5,27.7,82.7,13.4,2022-07-19T05:31:49,2022-07-19T18:47:37,partly-cloudy-day,yes,yes
"Raipur,India",20-07-2022,29.8,25.3,27.1,85.2,13.4,2022-07-20T05:32:13,2022-07-20T18:47:21,partly-cloudy-day,yes,yes
"Raipur,India",21-07-2022,29.4,25.1,27,85.4,31.4,2022-07-21T05:32:37,2022-07-21T18:47:03,partly-cloudy-day,yes,yes
"Raipur,India",22-07-2022,29.3,24.8,26.6,86,25.4,2022-07-22T05:33:00,2022-07-22T18:46:44,partly-cloudy-day,yes,yes
"Raipur,India",23-07-2022,29.4,24.5,26.7,84.2,11,2022-07-23T05:33:24,2022-07-23T18:46:24,partly-cloudy-day,yes,yes
"Raipur,India",24-07-2022,29.6,24.9,26.9,84.6,8.6,2022-07-24T05:33:48,2022-07-24T18:46:03,partly-cloudy-day,yes,yes
"Raipur,India",25-07-2022,29.9,25,27.1,84.3,13.1,2022-07-25T05:34:12,2022-07-25T18:45:40,partly-cloudy-day,yes,yes
"Raipur,India",26-07-2022,29.3,24.7,26.6,85.8,17.1,2022-07-26T05:34:36,2022-07-26T18:45:17,partly-cloudy-day,yes,yes
"Raipur,India",27-07-2022,29,24.5,26.6,86.2,23.3,2022-07-27T05:34:59,2022-07-27T18:44:52,partly-cloudy-day,yes,yes
"Raipur,India",28-07-2022,29.7,25,27.2,84.2,11,2022-07-28T05:35:23,2022-07-28T18:44:27,partly-cloudy-day,yes,yes
"Raipur,India",29-07-2022,30,25.2,27.4,83.5,8.2,2022-07-29T05:35:46,2022-07-29T18:44:00,partly-cloudy-day,yes,yes
"Raipur,India",30-07-2022,29.7,25.1,27.4,82.8,26.9,2022-07-30T05:36:09,2022-07-30T18:43:32,partly-cloudy-day,yes,yes
"Raipur,India",31-07-2022,29.7,25.5,27.4,83.7,10.9,2022-07-31T05:36:32,2022-07-31T18:43:04,partly-cloudy-day,yes,yes
